,date,location,total_vaccinations,total_distributed,people_vaccinated,people_fully_vaccinated_per_hundred,total_vaccinations_per_hundred,people_fully_vaccinated,people_vaccinated_per_hundred,distributed_per_hundred,daily_vaccinations_raw,daily_vaccinations,daily_vaccinations_per_million,share_doses_used,total_boosters,total_boosters_per_hundred
36287,2020-12-20,United States,556208.0,,,,0.17,,,,,,,,,
36288,2020-12-21,United States,614117.0,,,,0.18,,,,57909.0,57909.0,174.0,,,
36289,2020-12-22,United States,,,,,,,,,,127432.0,384.0,,,
36290,2020-12-23,United States,1008025.0,,,,0.3,,,,,150606.0,454.0,,,
36291,2020-12-24,United States,,,,,,,,,,191001.0,575.0,,,
36292,2020-12-25,United States,,,,,,,,,,215238.0,648.0,,,
36293,2020-12-26,United States,1944585.0,,,,0.59,,,,,231396.0,697.0,,,
36294,2020-12-27,United States,,,,,,,,,,211379.0,637.0,,,
36295,2020-12-28,United States,2127143.0,,,,0.64,,,,,216147.0,651.0,,,
36296,2020-12-29,United States,,,,,,,,,,235685.0,710.0,,,
36297,2020-12-30,United States,2794588.0,,,,0.84,,,,,255223.0,769.0,,,
36298,2020-12-31,United States,,,,,,,,,,278776.0,840.0,,,
36299,2021-01-01,United States,,,,,,,,,,302329.0,911.0,,,
36300,2021-01-02,United States,4225756.0,,,,1.27,,,,,325882.0,982.0,,,
36301,2021-01-03,United States,,,,,,,,,,336949.0,1015.0,,,
36302,2021-01-04,United States,4563260.0,,,,1.37,,,,,348017.0,1048.0,,,
36303,2021-01-05,United States,4836469.0,,,,1.46,,,,273209.0,339372.0,1022.0,,,
36304,2021-01-06,United States,5306797.0,,,,1.6,,,,470328.0,358887.0,1081.0,,,
36305,2021-01-07,United States,5919418.0,,,,1.78,,,,612621.0,378253.0,1139.0,,,
36306,2021-01-08,United States,6688231.0,,,,2.01,,,,768813.0,419933.0,1265.0,,,
36307,2021-01-09,United States,,,,,,,,,,461263.0,1389.0,,,
36308,2021-01-10,United States,,,,,,,,,,546636.0,1647.0,,,
36309,2021-01-11,United States,8987322.0,,,,2.71,,,,,632009.0,1904.0,,,
36310,2021-01-12,United States,9327138.0,27696150.0,7398897.0,0.24,2.81,782228.0,2.23,8.34,339816.0,641524.0,1932.0,0.337,,
36311,2021-01-13,United States,10278462.0,29380125.0,8015434.0,0.31,3.1,1020260.0,2.41,8.85,951324.0,710238.0,2139.0,0.35,,
36312,2021-01-14,United States,11148991.0,30628175.0,9690757.0,,3.36,,2.92,9.23,870529.0,747082.0,2250.0,0.364,,
36313,2021-01-15,United States,12279180.0,31161075.0,10595866.0,0.49,3.7,1610524.0,3.19,9.39,1130189.0,798707.0,2406.0,0.394,,
36314,2021-01-16,United States,,,,,,,,,,811670.0,2445.0,,,
36315,2021-01-17,United States,,,,,,,,,,824632.0,2484.0,,,
36316,2021-01-18,United States,,,,,,,,,,837595.0,2523.0,,,
36317,2021-01-19,United States,15707588.0,31161075.0,13595803.0,0.61,4.73,2023124.0,4.1,9.39,,911493.0,2745.0,0.504,,
36318,2021-01-20,United States,16525281.0,35990150.0,14270441.0,0.65,4.98,2161419.0,4.3,10.84,817693.0,892403.0,2688.0,0.459,,
36319,2021-01-21,United States,17546374.0,37960000.0,15053257.0,0.72,5.29,2394961.0,4.53,11.43,1021093.0,913912.0,2753.0,0.462,,
36320,2021-01-22,United States,19107959.0,39892400.0,16243093.0,0.83,5.76,2756953.0,4.89,12.02,1561585.0,975540.0,2938.0,0.479,,
36321,2021-01-23,United States,20537990.0,41411550.0,17390345.0,0.91,6.19,3027865.0,5.24,12.47,1430031.0,1057387.0,3185.0,0.496,,
36322,2021-01-24,United States,21848655.0,41411550.0,18502131.0,0.97,6.58,3216836.0,5.57,12.47,1310665.0,1122182.0,3380.0,0.528,,
36323,2021-01-25,United States,22734243.0,41418325.0,19252279.0,1.01,6.85,3346390.0,5.8,12.48,885588.0,1126251.0,3392.0,0.549,,
36324,2021-01-26,United States,23540994.0,44394075.0,19902237.0,1.05,7.09,3481921.0,5.99,13.37,806751.0,1119058.0,3371.0,0.53,,
36325,2021-01-27,United States,24652634.0,47230950.0,20687970.0,1.14,7.43,3801053.0,6.23,14.23,1111640.0,1161050.0,3497.0,0.522,,
36326,2021-01-28,United States,26193682.0,48386275.0,21698606.0,1.28,7.89,4263056.0,6.54,14.57,1541048.0,1235330.0,3721.0,0.541,,
36327,2021-01-29,United States,27884661.0,49216500.0,22858318.0,1.44,8.4,4780888.0,6.89,14.82,1690979.0,1253815.0,3777.0,0.567,,
36328,2021-01-30,United States,29577902.0,49932850.0,24064165.0,1.58,8.91,5259693.0,7.25,15.04,1693241.0,1291416.0,3890.0,0.592,,
36329,2021-01-31,United States,31123299.0,49933250.0,25201143.0,1.7,9.37,5657142.0,7.59,15.04,1545397.0,1324949.0,3991.0,0.623,,
36330,2021-02-01,United States,32222402.0,49936450.0,26023153.0,1.79,9.71,5927847.0,7.84,15.04,1099103.0,1355451.0,4083.0,0.645,,
36331,2021-02-02,United States,32780860.0,52657675.0,26440836.0,1.83,9.87,6064792.0,7.96,15.86,558458.0,1319981.0,3976.0,0.623,,
36332,2021-02-03,United States,33878254.0,55943800.0,27154956.0,1.94,10.2,6436931.0,8.18,16.85,1097394.0,1317946.0,3970.0,0.606,,
36333,2021-02-04,United States,35203710.0,57489675.0,27905197.0,2.09,10.6,6926050.0,8.41,17.32,1325456.0,1287147.0,3877.0,0.612,,
36334,2021-02-05,United States,36819212.0,58380300.0,28909497.0,2.26,11.09,7503864.0,8.71,17.58,1615502.0,1276364.0,3845.0,0.631,,
36335,2021-02-06,United States,39037964.0,59304600.0,30250964.0,2.51,11.76,8317180.0,9.11,17.86,2218752.0,1351437.0,4071.0,0.658,,
36336,2021-02-07,United States,41210937.0,59307800.0,31579100.0,2.76,12.41,9147185.0,9.51,17.86,2172973.0,1441091.0,4341.0,0.695,,
36337,2021-02-08,United States,42417617.0,59307800.0,32340146.0,2.87,12.78,9518015.0,9.74,17.86,1206680.0,1456459.0,4387.0,0.715,,
36338,2021-02-09,United States,43206190.0,62898775.0,32867213.0,2.96,13.01,9840429.0,9.9,18.95,788573.0,1489333.0,4486.0,0.687,,
36339,2021-02-10,United States,44769970.0,65972575.0,33783384.0,3.15,13.49,10469514.0,10.18,19.87,1563780.0,1555959.0,4687.0,0.679,,
36340,2021-02-11,United States,46390270.0,68285575.0,34723964.0,3.37,13.97,11188782.0,10.46,20.57,1620300.0,1598080.0,4814.0,0.679,,
36341,2021-02-12,United States,48410558.0,69014725.0,35834855.0,3.64,14.58,12085830.0,10.79,20.79,2020288.0,1655907.0,4988.0,0.701,,
36342,2021-02-13,United States,50641884.0,69883625.0,37056122.0,3.94,15.25,13082172.0,11.16,21.05,2231326.0,1657703.0,4993.0,0.725,,
36343,2021-02-14,United States,52884356.0,70057800.0,38292270.0,4.24,15.93,14077440.0,11.53,21.1,2242472.0,1667631.0,5023.0,0.755,,
36344,2021-02-15,United States,,,,,,,,,,1662106.0,5006.0,,,
36345,2021-02-16,United States,55220364.0,71657975.0,39670551.0,4.52,16.63,15015434.0,11.95,21.58,,1716311.0,5170.0,0.771,,
36346,2021-02-17,United States,56281827.0,72423125.0,40268009.0,4.66,16.95,15471536.0,12.13,21.81,1061463.0,1644551.0,4954.0,0.777,,
36347,2021-02-18,United States,57737767.0,73377450.0,41021049.0,4.87,17.39,16162358.0,12.36,22.1,1455940.0,1621071.0,4883.0,0.787,,
36348,2021-02-19,United States,59585043.0,78152495.0,41977401.0,5.13,17.95,17039118.0,12.64,23.54,1847276.0,1596355.0,4808.0,0.762,,
36349,2021-02-20,United States,61289500.0,74979165.0,42809595.0,5.39,18.46,17895667.0,12.89,22.58,1704457.0,1521088.0,4582.0,0.817,,
36350,2021-02-21,United States,63090634.0,75204965.0,43628092.0,5.68,19.0,18865319.0,13.14,22.65,1801134.0,1458040.0,4392.0,0.839,,
36351,2021-02-22,United States,64177474.0,75205940.0,44138118.0,5.86,19.33,19438495.0,13.29,22.65,1086840.0,1446445.0,4357.0,0.853,,
36352,2021-02-23,United States,65032083.0,82114370.0,44544969.0,5.99,19.59,19882544.0,13.42,24.73,854609.0,1401674.0,4222.0,0.792,,
36353,2021-02-24,United States,66464947.0,88669035.0,45237143.0,6.21,20.02,20607261.0,13.63,26.71,1432864.0,1454731.0,4382.0,0.75,,
36354,2021-02-25,United States,68274117.0,91673010.0,46074392.0,6.49,20.56,21555117.0,13.88,27.61,1809170.0,1505193.0,4534.0,0.745,,
36355,2021-02-26,United States,70454064.0,94300910.0,47184199.0,6.81,21.22,22613359.0,14.21,28.4,2179947.0,1552717.0,4677.0,0.747,,
36356,2021-02-27,United States,72806180.0,96402290.0,48435536.0,7.14,21.93,23698627.0,14.59,29.04,2352116.0,1645240.0,4956.0,0.755,,
36357,2021-02-28,United States,75236003.0,96402490.0,49772180.0,7.46,22.66,24779920.0,14.99,29.04,2429823.0,1735053.0,5226.0,0.78,,
36358,2021-03-01,United States,76899987.0,96402490.0,50732997.0,7.67,23.16,25466405.0,15.28,29.04,1663984.0,1817502.0,5474.0,0.798,,
36359,2021-03-02,United States,78631601.0,102353940.0,51755447.0,7.88,23.68,26162122.0,15.59,30.83,1731614.0,1942788.0,5852.0,0.768,,
36360,2021-03-03,United States,80540474.0,107028890.0,52855579.0,8.12,24.26,26957804.0,15.92,32.24,1908873.0,2010790.0,6057.0,0.753,,
36361,2021-03-04,United States,82572848.0,109905530.0,54035670.0,8.37,24.87,27795980.0,16.28,33.1,2032374.0,2042676.0,6153.0,0.751,,
36362,2021-03-05,United States,85008094.0,114133115.0,55547697.0,8.65,25.61,28701201.0,16.73,34.38,2435246.0,2079147.0,6263.0,0.745,,
36363,2021-03-06,United States,87912323.0,116355405.0,57358849.0,8.97,26.48,29776160.0,17.28,35.05,2904229.0,2158020.0,6500.0,0.756,,
36364,2021-03-07,United States,90351750.0,116363405.0,58873710.0,9.24,27.21,30686881.0,17.73,35.05,2439427.0,2159392.0,6504.0,0.776,,
36365,2021-03-08,United States,92089852.0,116378615.0,60005231.0,9.49,27.74,31493040.0,18.07,35.05,1738102.0,2169981.0,6536.0,0.791,,
36366,2021-03-09,United States,93692598.0,123232775.0,61088527.0,9.67,28.22,32102061.0,18.4,37.12,1602746.0,2151571.0,6481.0,0.76,,
36367,2021-03-10,United States,95721290.0,127869155.0,62451150.0,9.91,28.83,32904161.0,18.81,38.52,2028692.0,2168688.0,6532.0,0.749,,
36368,2021-03-11,United States,98203893.0,131131470.0,64071674.0,10.2,29.58,33863127.0,19.3,39.5,2482603.0,2233006.0,6726.0,0.749,,
36369,2021-03-12,United States,101128005.0,133337525.0,65965305.0,10.54,30.46,35000159.0,19.87,40.16,2924112.0,2302844.0,6936.0,0.758,,
36370,2021-03-13,United States,105703501.0,135846665.0,68884011.0,11.12,31.84,36929777.0,20.75,40.92,4575496.0,2541597.0,7656.0,0.778,,
36371,2021-03-14,United States,107060274.0,135847835.0,69784210.0,11.28,32.25,37459269.0,21.02,40.92,1356773.0,2386932.0,7190.0,0.788,,
36372,2021-03-15,United States,109081860.0,135847835.0,71054445.0,11.55,32.86,38335432.0,21.4,40.92,2021586.0,2427430.0,7312.0,0.803,,
36373,2021-03-16,United States,110737856.0,142918525.0,72135616.0,11.76,33.36,39042345.0,21.73,43.05,1655996.0,2435037.0,7335.0,0.775,,
36374,2021-03-17,United States,113037627.0,147590615.0,73669956.0,12.05,34.05,39989196.0,22.19,44.46,2299771.0,2473762.0,7451.0,0.766,,
36375,2021-03-18,United States,115730008.0,151108445.0,75495716.0,12.34,34.86,40981464.0,22.74,45.52,2692381.0,2503731.0,7541.0,0.766,,
36376,2021-03-19,United States,118313818.0,154199235.0,77230061.0,12.63,35.64,41934629.0,23.26,46.45,2583810.0,2455116.0,7395.0,0.767,,
36377,2021-03-20,United States,121441497.0,156734555.0,79367225.0,12.96,36.58,43036818.0,23.91,47.21,3127679.0,2248285.0,6772.0,0.775,,
36378,2021-03-21,United States,124481412.0,156734555.0,81415769.0,13.3,37.49,44141228.0,24.52,47.21,3039915.0,2488734.0,7496.0,0.794,,
36379,2021-03-22,United States,126509736.0,156734555.0,82772416.0,13.53,38.11,44910946.0,24.93,47.21,2028324.0,2489697.0,7499.0,0.807,,
36380,2021-03-23,United States,128217029.0,164300795.0,83930495.0,13.72,38.62,45533962.0,25.28,49.49,1707293.0,2497025.0,7521.0,0.78,,
36381,2021-03-24,United States,130473853.0,169223125.0,85472166.0,13.97,39.3,46365515.0,25.74,50.97,2256824.0,2490889.0,7503.0,0.771,,
36382,2021-03-25,United States,133305295.0,173525335.0,87343622.0,14.28,40.15,47419832.0,26.31,52.27,2831442.0,2510755.0,7563.0,0.768,,
36383,2021-03-26,United States,136684688.0,177501775.0,89559225.0,14.67,41.17,48695172.0,26.98,53.47,3379393.0,2624410.0,7905.0,0.77,,
36384,2021-03-27,United States,140180735.0,180644125.0,91707729.0,15.1,42.22,50141769.0,27.62,54.41,3496047.0,2677034.0,8063.0,0.776,,
36385,2021-03-28,United States,143462691.0,180646465.0,93631163.0,15.54,43.21,51593564.0,28.2,54.41,3281956.0,2711611.0,8168.0,0.794,,
36386,2021-03-29,United States,145812835.0,180646565.0,95015762.0,15.85,43.92,52614231.0,28.62,54.41,2350144.0,2757586.0,8306.0,0.807,,
36387,2021-03-30,United States,147602345.0,189451285.0,96044046.0,16.09,44.46,53423486.0,28.93,57.06,1789510.0,2769331.0,8341.0,0.779,,
36388,2021-03-31,United States,150273292.0,195581725.0,97593290.0,16.45,45.26,54607041.0,29.4,58.91,2670947.0,2828491.0,8520.0,0.768,,
36389,2021-04-01,United States,153631404.0,200496635.0,99565311.0,16.89,46.28,56089614.0,29.99,60.39,3358112.0,2903730.0,8746.0,0.766,,
36390,2021-04-02,United States,157606463.0,204719335.0,101804762.0,17.47,47.47,57984785.0,30.66,61.66,3975059.0,2988825.0,9003.0,0.77,,
36391,2021-04-03,United States,161688422.0,207866645.0,104213478.0,18.03,48.7,59858146.0,31.39,62.61,4081959.0,3072527.0,9255.0,0.778,,
36392,2021-04-04,United States,165053746.0,207891295.0,106214924.0,18.5,49.72,61416536.0,31.99,62.62,3365324.0,3084436.0,9291.0,0.794,,
36393,2021-04-05,United States,167187795.0,207891395.0,107515428.0,18.79,50.36,62392065.0,32.38,62.62,2134049.0,3053566.0,9198.0,0.804,,
36394,2021-04-06,United States,168592075.0,219194215.0,108301234.0,18.98,50.78,63016976.0,32.62,66.02,1404280.0,2998533.0,9032.0,0.769,,
36395,2021-04-07,United States,171476655.0,225294435.0,109995734.0,19.4,51.65,64422618.0,33.13,67.86,2884580.0,3029052.0,9124.0,0.761,,
36396,2021-04-08,United States,174879716.0,229398685.0,112046611.0,19.94,52.68,66203123.0,33.75,69.1,3403061.0,3035473.0,9143.0,0.762,,
36397,2021-04-09,United States,178837781.0,233591955.0,114436039.0,20.54,53.87,68202458.0,34.47,70.36,3958065.0,3033045.0,9136.0,0.766,,
36398,2021-04-10,United States,183467709.0,237791735.0,117142879.0,21.29,55.26,70692645.0,35.28,71.62,4629928.0,3111327.0,9372.0,0.772,,
36399,2021-04-11,United States,187047131.0,237796105.0,119242902.0,21.88,56.34,72630892.0,35.92,71.63,3579422.0,3141912.0,9464.0,0.787,,
36400,2021-04-12,United States,189692045.0,237796305.0,120848490.0,22.31,57.14,74066085.0,36.4,71.63,2644914.0,3214893.0,9684.0,0.798,,
36401,2021-04-13,United States,192282781.0,245364805.0,122295530.0,22.69,57.92,75322283.0,36.84,73.91,2590736.0,3384387.0,10194.0,0.784,,
36402,2021-04-14,United States,194791836.0,250998265.0,123917385.0,23.1,58.67,76681252.0,37.32,75.6,2509055.0,3330740.0,10032.0,0.776,,
36403,2021-04-15,United States,198317040.0,255400665.0,125822868.0,23.64,59.73,78498290.0,37.9,76.93,3525204.0,3348189.0,10085.0,0.776,,
36404,2021-04-16,United States,202282923.0,258502815.0,127743096.0,24.28,60.93,80609818.0,38.48,77.86,3965883.0,3349306.0,10088.0,0.783,,
36405,2021-04-17,United States,205871913.0,264499715.0,129494179.0,24.84,62.01,82471151.0,39.0,79.67,3588990.0,3200601.0,9640.0,0.778,,
36406,2021-04-18,United States,209406814.0,264505725.0,131247546.0,25.38,63.08,84263408.0,39.53,79.67,3534901.0,3194240.0,9621.0,0.792,,
36407,2021-04-19,United States,211581309.0,264505725.0,132321628.0,25.71,63.73,85365180.0,39.86,79.67,2174495.0,3127038.0,9419.0,0.8,,
36408,2021-04-20,United States,213388238.0,272030795.0,133266995.0,25.97,64.27,86223506.0,40.14,81.94,1806929.0,3015065.0,9082.0,0.784,,
36409,2021-04-21,United States,215951909.0,277938875.0,134445595.0,26.38,65.05,87592646.0,40.5,83.72,2563671.0,3022868.0,9105.0,0.777,,
36410,2021-04-22,United States,218947643.0,282183915.0,135791031.0,26.88,65.95,89245776.0,40.9,85.0,2995734.0,2947229.0,8877.0,0.776,,
36411,2021-04-23,United States,222322230.0,286095185.0,137234889.0,27.46,66.97,91175995.0,41.34,86.17,3374587.0,2862758.0,8623.0,0.777,,
36412,2021-04-24,United States,225640460.0,290685655.0,138644724.0,28.04,67.96,93078040.0,41.76,87.56,3318230.0,2824078.0,8506.0,0.776,,
36413,2021-04-25,United States,228661408.0,290692005.0,139978480.0,28.55,68.87,94772329.0,42.16,87.56,3020948.0,2750656.0,8285.0,0.787,,
36414,2021-04-26,United States,230768454.0,290692005.0,140969663.0,28.88,69.51,95888088.0,42.46,87.56,2107046.0,2741021.0,8256.0,0.794,,
36415,2021-04-27,United States,232407669.0,297543635.0,141751857.0,29.14,70.0,96747454.0,42.7,89.62,1639215.0,2717062.0,8184.0,0.781,,
36416,2021-04-28,United States,234639414.0,301857885.0,142692987.0,29.53,70.68,98044421.0,42.98,90.92,2231745.0,2669644.0,8041.0,0.777,,
36417,2021-04-29,United States,237360493.0,305478495.0,143793565.0,30.02,71.49,99668945.0,43.31,92.01,2721079.0,2630407.0,7923.0,0.777,,
36418,2021-04-30,United States,240159677.0,308774155.0,144894586.0,30.54,72.34,101407318.0,43.64,93.01,2799184.0,2548207.0,7675.0,0.778,,
36419,2021-05-01,United States,243463471.0,312508205.0,146239208.0,31.15,73.33,103422555.0,44.05,94.13,3303794.0,2546144.0,7669.0,0.779,,
36420,2021-05-02,United States,245591469.0,312509575.0,147047012.0,31.56,73.97,104774652.0,44.29,94.13,2127998.0,2418580.0,7285.0,0.786,,
36421,2021-05-03,United States,246780203.0,312509575.0,147517734.0,31.78,74.33,105523520.0,44.43,94.13,1188734.0,2287393.0,6890.0,0.79,,
36422,2021-05-04,United States,247769049.0,318474035.0,147894671.0,31.98,74.63,106168588.0,44.55,95.93,988846.0,2194483.0,6610.0,0.778,,
36423,2021-05-05,United States,249566820.0,321549335.0,148562891.0,32.33,75.17,107346533.0,44.75,96.85,1797771.0,2132487.0,6423.0,0.776,,
36424,2021-05-06,United States,251973752.0,324610185.0,149462265.0,32.81,75.9,108926627.0,45.02,97.78,2406932.0,2087608.0,6288.0,0.776,,
36425,2021-05-07,United States,254779333.0,327124625.0,150416559.0,33.4,76.74,110874920.0,45.31,98.53,2805581.0,2088522.0,6291.0,0.779,,
36426,2021-05-08,United States,257347205.0,329840055.0,151315505.0,33.92,77.52,112626771.0,45.58,99.35,2567872.0,1983391.0,5974.0,0.78,,
36427,2021-05-09,United States,259716989.0,329843825.0,152116936.0,34.42,78.23,114258244.0,45.82,99.35,2369784.0,2017931.0,6078.0,0.787,,
36428,2021-05-10,United States,261599381.0,329843825.0,152819904.0,34.8,78.8,115530780.0,46.03,99.35,1882392.0,2117025.0,6377.0,0.793,,
36429,2021-05-11,United States,263132561.0,334081065.0,153448316.0,35.11,79.26,116576359.0,46.22,100.63,1533180.0,2194787.0,6611.0,0.788,,
36430,2021-05-12,United States,264680844.0,337089765.0,153986312.0,35.44,79.72,117647439.0,46.38,101.53,1548283.0,2159146.0,6504.0,0.785,,
36431,2021-05-13,United States,266596486.0,339165445.0,154624231.0,35.84,80.3,118987308.0,46.57,102.16,1915642.0,2088962.0,6292.0,0.786,,
36432,2021-05-14,United States,268438666.0,341865945.0,155251852.0,36.22,80.86,120258637.0,46.76,102.97,1842180.0,1951333.0,5878.0,0.785,,
36433,2021-05-15,United States,270832342.0,344503395.0,156217367.0,36.68,81.58,121768268.0,47.05,103.77,2393676.0,1926448.0,5803.0,0.786,,
36434,2021-05-16,United States,272925411.0,344503495.0,157132234.0,37.05,82.21,122999721.0,47.33,103.77,2093069.0,1886917.0,5684.0,0.792,,
36435,2021-05-17,United States,274411901.0,344503595.0,157827208.0,37.3,82.66,123828224.0,47.54,103.77,1486490.0,1830360.0,5513.0,0.797,,
36436,2021-05-18,United States,275535207.0,346672525.0,158365411.0,37.49,82.99,124455693.0,47.7,104.42,1123306.0,1771807.0,5337.0,0.795,,
36437,2021-05-19,United States,277290173.0,349210095.0,159174963.0,37.79,83.52,125453423.0,47.94,105.18,1754966.0,1801333.0,5426.0,0.794,,
36438,2021-05-20,United States,279397250.0,351955515.0,160177820.0,38.13,84.16,126605166.0,48.25,106.01,2107077.0,1828681.0,5508.0,0.794,,
36439,2021-05-21,United States,281595351.0,354914965.0,161278336.0,38.49,84.82,127778250.0,48.58,106.9,2198101.0,1879526.0,5661.0,0.793,,
36440,2021-05-22,United States,283941223.0,357250375.0,162470794.0,38.86,85.53,129006463.0,48.94,107.61,2345872.0,1872697.0,5641.0,0.795,,
36441,2021-05-23,United States,285720586.0,357250375.0,163309414.0,39.16,86.06,130014175.0,49.19,107.61,1779363.0,1827882.0,5506.0,0.8,,
36442,2021-05-24,United States,286890900.0,357250475.0,163907827.0,39.34,86.41,130615797.0,49.37,107.61,1170314.0,1782714.0,5370.0,0.803,,
36443,2021-05-25,United States,287788872.0,359004955.0,164378258.0,39.48,86.68,131078608.0,49.51,108.14,897972.0,1750524.0,5273.0,0.802,,
36444,2021-05-26,United States,289212304.0,359849035.0,165074907.0,39.71,87.11,131850089.0,49.72,108.39,1423432.0,1703162.0,5130.0,0.804,,
36445,2021-05-27,United States,290724607.0,361250445.0,165718717.0,39.99,87.57,132769894.0,49.92,108.81,1512303.0,1618194.0,4874.0,0.805,,
36446,2021-05-28,United States,292099778.0,362375765.0,166388129.0,40.22,87.98,133532544.0,50.12,109.15,1375171.0,1500632.0,4520.0,0.806,,
36447,2021-05-29,United States,293705050.0,366314625.0,167157043.0,40.49,88.47,134418748.0,50.35,110.34,1605272.0,1394832.0,4201.0,0.802,,
36448,2021-05-30,United States,294928850.0,366316945.0,167733972.0,40.69,88.84,135087319.0,50.52,110.34,1223800.0,1315466.0,3962.0,0.805,,
36449,2021-05-31,United States,,,,,,,,,,1253664.0,3776.0,,,
36450,2021-06-01,United States,296404240.0,366317045.0,168489729.0,40.92,89.28,135867425.0,50.75,110.34,,1230767.0,3707.0,0.809,,
36451,2021-06-02,United States,296912892.0,366977535.0,168734435.0,41.01,89.43,136155250.0,50.82,110.54,508652.0,1100084.0,3314.0,0.809,,
36452,2021-06-03,United States,297720928.0,368375195.0,169090262.0,41.16,89.68,136644618.0,50.93,110.96,808036.0,999474.0,3010.0,0.808,,
36453,2021-06-04,United States,299120522.0,369159075.0,169735441.0,41.4,90.1,137455367.0,51.13,111.19,1399594.0,1002963.0,3021.0,0.81,,
36454,2021-06-05,United States,300268730.0,371520975.0,170272150.0,41.6,90.44,138112702.0,51.29,111.91,1148208.0,937669.0,2824.0,0.808,,
36455,2021-06-06,United States,301638578.0,371520735.0,170833221.0,41.86,90.86,138969323.0,51.46,111.91,1369848.0,958533.0,2887.0,0.812,,
36456,2021-06-07,United States,302851917.0,371520735.0,171310738.0,42.09,91.22,139748661.0,51.6,111.91,1213339.0,1026482.0,3092.0,0.815,,
36457,2021-06-08,United States,303923667.0,372100285.0,171731584.0,42.3,91.54,140441957.0,51.73,112.08,1071750.0,1074204.0,3236.0,0.817,,
36458,2021-06-09,United States,304753476.0,372495525.0,172054276.0,42.46,91.79,140980110.0,51.82,112.2,829809.0,1120083.0,3374.0,0.818,,
36459,2021-06-10,United States,305687618.0,372830865.0,172423605.0,42.65,92.08,141583252.0,51.94,112.3,934142.0,1138099.0,3428.0,0.82,,
36460,2021-06-11,United States,306509795.0,373413945.0,172758350.0,42.8,92.32,142095530.0,52.04,112.48,822177.0,1055610.0,3180.0,0.821,,
36461,2021-06-12,United States,308112728.0,374397205.0,173391711.0,43.11,92.81,143119077.0,52.23,112.77,1602933.0,1120571.0,3375.0,0.823,,
36462,2021-06-13,United States,309322545.0,374398105.0,173840483.0,43.35,93.17,143921222.0,52.36,112.77,1209817.0,1097710.0,3306.0,0.826,,
36463,2021-06-14,United States,310645827.0,374398105.0,174234573.0,43.65,93.57,144919339.0,52.48,112.77,1323282.0,1113416.0,3354.0,0.83,,
36464,2021-06-15,United States,311886674.0,374865165.0,174674144.0,43.91,93.94,145768367.0,52.61,112.91,1240847.0,1137572.0,3426.0,0.832,,
36465,2021-06-16,United States,312915170.0,375186675.0,175053401.0,44.11,94.25,146456124.0,52.73,113.01,1028496.0,1165956.0,3512.0,0.834,,
36466,2021-06-17,United States,314969386.0,377215060.0,175867860.0,44.51,94.87,147758585.0,52.97,113.62,2054216.0,1325967.0,3994.0,0.835,,
36467,2021-06-18,United States,316048776.0,377935390.0,176290249.0,44.72,95.2,148459003.0,53.1,113.84,1079390.0,1362712.0,4105.0,0.836,,
36468,2021-06-19,United States,317117797.0,379003410.0,176737141.0,44.92,95.52,149125164.0,53.23,114.16,1069021.0,1286438.0,3875.0,0.837,,
36469,2021-06-20,United States,317966408.0,379003410.0,177088290.0,45.08,95.77,149667646.0,53.34,114.16,848611.0,1234838.0,3719.0,0.839,,
36470,2021-06-21,United States,318576441.0,379003410.0,177342954.0,45.2,95.96,150046006.0,53.42,114.16,610033.0,1132945.0,3413.0,0.841,,
36471,2021-06-22,United States,319223844.0,379446660.0,177635067.0,45.31,96.15,150424675.0,53.51,114.29,647403.0,1048167.0,3157.0,0.841,,
36472,2021-06-23,United States,319872053.0,378882200.0,177948892.0,45.42,96.35,150787303.0,53.6,114.12,648209.0,993840.0,2994.0,0.844,,
36473,2021-06-24,United States,320687205.0,379248700.0,178331677.0,45.56,96.59,151252034.0,53.71,114.23,815152.0,816831.0,2460.0,0.846,,
36474,2021-06-25,United States,321199379.0,380222670.0,178491147.0,45.67,96.75,151615554.0,53.76,114.53,512174.0,735800.0,2216.0,0.845,,
36475,2021-06-26,United States,322123103.0,381276030.0,178873816.0,45.84,97.03,152184243.0,53.88,114.84,923724.0,715044.0,2154.0,0.845,,
36476,2021-06-27,United States,323327328.0,381282720.0,179261269.0,46.09,97.39,153028665.0,53.99,114.85,1204225.0,765846.0,2307.0,0.848,,
36477,2021-06-28,United States,324414371.0,381282720.0,179615165.0,46.32,97.72,153776118.0,54.1,114.85,1087043.0,833990.0,2512.0,0.851,,
36478,2021-06-29,United States,325152847.0,381831830.0,179940202.0,46.45,97.94,154199664.0,54.2,115.01,738476.0,847000.0,2551.0,0.852,,
36479,2021-06-30,United States,326521526.0,381949830.0,180674739.0,46.65,98.35,154884686.0,54.42,115.05,1368679.0,949925.0,2861.0,0.855,,
36480,2021-07-01,United States,328152304.0,382283990.0,181339416.0,46.95,98.84,155884601.0,54.62,115.15,1630778.0,1066443.0,3212.0,0.858,,
36481,2021-07-02,United States,328809470.0,382636520.0,181650678.0,47.07,99.04,156255896.0,54.71,115.25,657166.0,1087156.0,3275.0,0.859,,
36482,2021-07-03,United States,329970551.0,383067560.0,182109860.0,47.28,99.39,156982549.0,54.85,115.38,1161081.0,1121064.0,3377.0,0.861,,
36483,2021-07-04,United States,330604253.0,383068740.0,182412776.0,47.39,99.58,157323738.0,54.94,115.38,633702.0,1039561.0,3131.0,0.863,,
36484,2021-07-05,United States,,,,,,,,,,927847.0,2795.0,,,
36485,2021-07-06,United States,331214347.0,383068840.0,182714064.0,47.48,99.76,157636088.0,55.03,115.38,,865929.0,2608.0,0.865,,
36486,2021-07-07,United States,331651464.0,383068740.0,182896080.0,47.56,99.9,157908171.0,55.09,115.38,437117.0,732848.0,2207.0,0.866,,
36487,2021-07-08,United States,332345797.0,385495790.0,183237046.0,47.68,100.11,158287566.0,55.19,116.11,694333.0,599070.0,1804.0,0.862,,
36488,2021-07-09,United States,332966409.0,386058070.0,183542871.0,47.78,100.29,158629431.0,55.28,116.28,620612.0,593848.0,1789.0,0.862,,
36489,2021-07-10,United States,333565404.0,386985420.0,183836917.0,47.88,100.47,158954417.0,55.37,116.56,598995.0,513550.0,1547.0,0.862,,
36490,2021-07-11,United States,334151648.0,387006120.0,184132768.0,47.97,100.65,159266536.0,55.46,116.57,586244.0,506771.0,1526.0,0.863,,
36491,2021-07-12,United States,334600770.0,387006120.0,184365333.0,48.04,100.78,159499224.0,55.53,116.57,449122.0,527353.0,1588.0,0.865,,
36492,2021-07-13,United States,334942236.0,387241530.0,184543821.0,48.1,100.89,159675163.0,55.59,116.64,341466.0,532556.0,1604.0,0.865,,
36493,2021-07-14,United States,335487779.0,388295385.0,184835149.0,48.23,101.05,160126516.0,55.67,116.96,545543.0,548045.0,1651.0,0.864,,
36494,2021-07-15,United States,336054953.0,388738495.0,185135757.0,48.32,101.22,160408538.0,55.76,117.09,567174.0,529879.0,1596.0,0.864,,
36495,2021-07-16,United States,336604158.0,389359835.0,185424899.0,48.4,101.39,160686378.0,55.85,117.28,549205.0,519678.0,1565.0,0.865,,
36496,2021-07-17,United States,337239448.0,390100705.0,185765452.0,48.49,101.58,160994035.0,55.95,117.5,635290.0,524863.0,1581.0,0.864,,
36497,2021-07-18,United States,337740358.0,390100605.0,186038501.0,48.56,101.73,161232483.0,56.04,117.5,500910.0,512673.0,1544.0,0.866,,
36498,2021-07-19,United States,338247434.0,390174755.0,186317651.0,48.64,101.88,161473715.0,56.12,117.52,507076.0,520952.0,1569.0,0.867,,
36499,2021-07-20,United States,338491374.0,390735975.0,186474836.0,48.68,101.96,161631676.0,56.17,117.69,243940.0,507020.0,1527.0,0.866,,
36500,2021-07-21,United States,339102867.0,391248955.0,186819440.0,48.76,102.14,161895045.0,56.27,117.85,611493.0,516441.0,1556.0,0.867,,
36501,2021-07-22,United States,339763765.0,391998625.0,187216168.0,48.85,102.34,162174165.0,56.39,118.07,660898.0,529830.0,1596.0,0.867,,
36502,2021-07-23,United States,340363922.0,393929955.0,187579557.0,48.93,102.52,162435276.0,56.5,118.65,600157.0,537109.0,1618.0,0.864,,
36503,2021-07-24,United States,341039972.0,394936815.0,187982826.0,49.01,102.72,162725812.0,56.62,118.96,676050.0,542932.0,1635.0,0.864,,
36504,2021-07-25,United States,341818968.0,394948975.0,188472188.0,49.1,102.96,163025726.0,56.77,118.96,778996.0,582659.0,1755.0,0.865,,
36505,2021-07-26,United States,342212051.0,394949575.0,188729282.0,49.15,103.08,163173366.0,56.85,118.96,393083.0,566374.0,1706.0,0.866,,
36506,2021-07-27,United States,342607540.0,395460845.0,188996475.0,49.19,103.2,163312474.0,56.93,119.12,395489.0,588024.0,1771.0,0.866,,
36507,2021-07-28,United States,343361524.0,395974515.0,189494180.0,49.27,103.42,163588042.0,57.08,119.27,753984.0,608380.0,1832.0,0.867,,
36508,2021-07-29,United States,344071595.0,397464625.0,189945907.0,49.36,103.64,163868916.0,57.21,119.72,710071.0,615404.0,1854.0,0.866,,
36509,2021-07-30,United States,344928514.0,399090105.0,190509183.0,49.45,103.9,164184080.0,57.38,120.21,856919.0,652085.0,1964.0,0.864,,
36510,2021-07-31,United States,345640466.0,400675525.0,190982149.0,49.53,104.11,164446964.0,57.53,120.69,711952.0,657213.0,1980.0,0.863,,
36511,2021-08-01,United States,346456669.0,400674525.0,191498983.0,49.63,104.36,164757423.0,57.68,120.69,816203.0,662529.0,1996.0,0.865,,
36512,2021-08-02,United States,346924345.0,400674965.0,191818585.0,49.68,104.5,164919666.0,57.78,120.69,467676.0,673185.0,2028.0,0.866,,
36513,2021-08-03,United States,347377149.0,401229975.0,192120576.0,49.72,104.63,165081416.0,57.87,120.85,452804.0,681373.0,2052.0,0.866,,
36514,2021-08-04,United States,348102478.0,402010455.0,192614017.0,49.8,104.85,165334987.0,58.02,121.09,725329.0,677279.0,2040.0,0.866,,
36515,2021-08-05,United States,348966419.0,403047945.0,193199353.0,49.89,105.11,165637566.0,58.19,121.4,863941.0,699261.0,2106.0,0.866,,
36516,2021-08-06,United States,349787479.0,405102715.0,193764457.0,49.98,105.36,165918256.0,58.36,122.02,821060.0,694138.0,2091.0,0.863,,
36517,2021-08-07,United States,350627188.0,407550175.0,194346486.0,50.06,105.61,166203176.0,58.54,122.76,839709.0,712389.0,2146.0,0.86,,
36518,2021-08-08,United States,351400930.0,407561705.0,194866738.0,50.14,105.84,166477481.0,58.7,122.76,773742.0,706323.0,2128.0,0.862,,
36519,2021-08-09,United States,351933175.0,407560705.0,195222906.0,50.2,106.01,166654374.0,58.8,122.76,532245.0,715547.0,2155.0,0.864,,
36520,2021-08-10,United States,352550944.0,408325135.0,195646711.0,50.26,106.19,166861912.0,58.93,122.99,617769.0,739114.0,2226.0,0.863,,
36521,2021-08-11,United States,353205544.0,409566315.0,196077952.0,50.33,106.39,167105507.0,59.06,123.36,654600.0,729009.0,2196.0,0.862,,
36522,2021-08-12,United States,353859894.0,411253925.0,196505543.0,50.41,106.59,167354729.0,59.19,123.87,654350.0,699068.0,2106.0,0.86,,
36523,2021-08-13,United States,354777950.0,414376925.0,197081471.0,50.51,106.86,167699170.0,59.36,124.81,918056.0,712924.0,2147.0,0.856,,
36524,2021-08-14,United States,355768825.0,415915655.0,197685048.0,50.63,107.16,168090925.0,59.54,125.28,990875.0,734520.0,2212.0,0.855,,
36525,2021-08-15,United States,356433665.0,415957645.0,198088722.0,50.71,107.36,168362058.0,59.67,125.29,664840.0,718962.0,2166.0,0.857,,
36526,2021-08-16,United States,357292057.0,415958305.0,198595349.0,50.81,107.62,168689357.0,59.82,125.29,858392.0,765555.0,2306.0,0.859,,
36527,2021-08-17,United States,357894995.0,417477975.0,198929642.0,50.87,107.8,168897604.0,59.92,125.75,602938.0,763436.0,2300.0,0.857,,
36528,2021-08-18,United States,358599835.0,419612925.0,199325940.0,50.96,108.01,169186268.0,60.04,126.39,704840.0,770613.0,2321.0,0.855,,
36529,2021-08-19,United States,359623380.0,422175735.0,199887548.0,51.08,108.32,169592873.0,60.21,127.16,1023545.0,823355.0,2480.0,0.852,,
36530,2021-08-20,United States,360634287.0,426106115.0,200421787.0,51.21,108.63,169998983.0,60.37,128.35,1010907.0,836620.0,2520.0,0.846,,
36531,2021-08-21,United States,361684564.0,428506065.0,200947556.0,51.33,108.94,170406785.0,60.53,129.07,1050277.0,845106.0,2546.0,0.844,,
36532,2021-08-22,United States,362657771.0,428531345.0,201425785.0,51.45,109.24,170821621.0,60.67,129.08,973207.0,889158.0,2678.0,0.846,,
36533,2021-08-23,United States,363267789.0,428528965.0,201718587.0,51.53,109.42,171088954.0,60.76,129.08,610018.0,853676.0,2571.0,0.848,,
36534,2021-08-24,United States,363915792.0,428529385.0,202041893.0,51.62,109.61,171367657.0,60.86,129.08,648003.0,860114.0,2591.0,0.849,,
36535,2021-08-25,United States,364842701.0,430118615.0,202500853.0,51.74,109.89,171773370.0,60.99,129.56,926909.0,891838.0,2686.0,0.848,,
36536,2021-08-26,United States,365767674.0,434582185.0,202961676.0,51.86,110.17,172171009.0,61.13,130.9,924973.0,877756.0,2644.0,0.842,642861.0,0.19
36537,2021-08-27,United States,366838484.0,437567285.0,203475192.0,52.0,110.49,172646952.0,61.29,131.8,1070810.0,886314.0,2670.0,0.838,732229.0,0.22
36538,2021-08-28,United States,367911870.0,439428235.0,203992008.0,52.14,110.82,173101292.0,61.44,132.36,1073386.0,889615.0,2680.0,0.837,819598.0,0.25
36539,2021-08-29,United States,368863734.0,440028085.0,204435968.0,52.27,111.1,173520211.0,61.58,132.54,951864.0,886566.0,2670.0,0.838,901462.0,0.27
36540,2021-08-30,United States,369556911.0,440026945.0,204742648.0,52.36,111.31,173832202.0,61.67,132.54,693177.0,898446.0,2706.0,0.84,954683.0,0.29
36541,2021-08-31,United States,370212027.0,441332155.0,205026070.0,52.45,111.51,174121529.0,61.76,132.93,655116.0,899462.0,2709.0,0.839,995715.0,0.3
36542,2021-09-01,United States,371280129.0,443741705.0,205527578.0,52.59,111.83,174600017.0,61.91,133.66,1068102.0,919633.0,2770.0,0.837,1077751.0,0.32
36543,2021-09-02,United States,372116617.0,445672595.0,205911640.0,52.7,112.08,174973937.0,62.02,134.24,836488.0,906992.0,2732.0,0.835,1148792.0,0.35
36544,2021-09-03,United States,373516809.0,447619715.0,206461869.0,52.87,112.51,175538025.0,62.19,134.83,1400192.0,954046.0,2874.0,0.834,1245003.0,0.38
36545,2021-09-04,United States,374488924.0,450175825.0,206908710.0,53.0,112.8,175968266.0,62.32,135.6,972115.0,939579.0,2830.0,0.832,1334359.0,0.4
36546,2021-09-05,United States,,,,,,,,,,875334.0,2637.0,,,
36547,2021-09-06,United States,,,,,,,,,,848045.0,2554.0,,,
36548,2021-09-07,United States,375995378.0,450122155.0,207589611.0,53.21,113.25,176659496.0,62.53,135.58,,826193.0,2489.0,0.835,1439610.0,0.43
36549,2021-09-08,United States,376955132.0,450584465.0,208024209.0,53.35,113.54,177104652.0,62.66,135.72,959754.0,810715.0,2442.0,0.837,1512383.0,0.46
36550,2021-09-09,United States,377622065.0,452781195.0,208305270.0,53.44,113.74,177433044.0,62.74,136.38,666933.0,786493.0,2369.0,0.834,1563006.0,0.47
36551,2021-09-10,United States,378569717.0,454332805.0,208704230.0,53.58,114.03,177899458.0,62.86,136.85,947652.0,721844.0,2174.0,0.833,1641393.0,0.49
36552,2021-09-11,United States,379472220.0,456755075.0,209099300.0,53.71,114.3,178328389.0,62.98,137.58,902503.0,711899.0,2144.0,0.831,1714632.0,0.52
36553,2021-09-12,United States,380241903.0,456755755.0,209437152.0,53.82,114.53,178692875.0,63.08,137.58,769683.0,750118.0,2259.0,0.832,1782116.0,0.54
36554,2021-09-13,United States,380831725.0,456755755.0,209701005.0,53.91,114.71,178982950.0,63.16,137.58,589822.0,762643.0,2297.0,0.834,1822298.0,0.55
36555,2021-09-14,United States,381453265.0,458771465.0,209982936.0,54.0,114.9,179289983.0,63.25,138.19,621540.0,779698.0,2349.0,0.831,1859878.0,0.56
36556,2021-09-15,United States,382294795.0,461117525.0,210361099.0,54.13,115.15,179695287.0,63.36,138.89,841530.0,762809.0,2298.0,0.829,1921243.0,0.58
36557,2021-09-16,United States,383038403.0,462384885.0,210700361.0,54.24,115.37,180086143.0,63.46,139.27,743608.0,773763.0,2331.0,0.828,1982351.0,0.6
36558,2021-09-17,United States,383994877.0,464315725.0,211097597.0,54.39,115.66,180572171.0,63.58,139.86,956474.0,775023.0,2334.0,0.827,2043976.0,0.62
36559,2021-09-18,United States,384911290.0,466569635.0,211489242.0,54.53,115.94,181035022.0,63.7,140.53,916413.0,777010.0,2340.0,0.825,2107167.0,0.63
36560,2021-09-19,United States,385586012.0,466561785.0,211776515.0,54.63,116.14,181382976.0,63.79,140.53,674722.0,763444.0,2300.0,0.826,2156736.0,0.65
36561,2021-09-20,United States,386237881.0,466535855.0,212035328.0,54.74,116.34,181728072.0,63.87,140.52,651869.0,772308.0,2326.0,0.828,2205438.0,0.66
36562,2021-09-21,United States,386780816.0,467249715.0,212255202.0,54.82,116.5,182012343.0,63.93,140.74,542935.0,761079.0,2292.0,0.828,2242237.0,0.68
36563,2021-09-22,United States,387493716.0,468248675.0,212545360.0,54.94,116.72,182387840.0,64.02,141.04,712900.0,742703.0,2237.0,0.828,2304098.0,0.69
36564,2021-09-23,United States,387821704.0,469561625.0,212564346.0,55.0,116.82,182587334.0,64.03,141.44,327988.0,683329.0,2058.0,0.826,2370839.0,0.71
36565,2021-09-24,United States,388567109.0,470630875.0,212861380.0,55.11,117.04,182958696.0,64.12,141.76,745405.0,653176.0,1967.0,0.826,2443106.0,0.74
36566,2021-09-25,United States,389372689.0,471821155.0,213177462.0,55.23,117.28,183353326.0,64.21,142.12,805580.0,637343.0,1920.0,0.825,2527656.0,0.76
36567,2021-09-26,United States,390114328.0,471814235.0,213456787.0,55.32,117.51,183670870.0,64.29,142.11,741639.0,646902.0,1949.0,0.827,2656623.0,0.8
36568,2021-09-27,United States,390664923.0,471818715.0,213657193.0,55.39,117.67,183888907.0,64.36,142.12,550595.0,632435.0,1905.0,0.828,2775528.0,0.84
36569,2021-09-28,United States,,,,,,,,,,649711.0,1957.0,,,
36570,2021-09-29,United States,391992662.0,473954085.0,214043376.0,55.52,118.07,184335263.0,64.47,142.76,,642707.0,1936.0,0.827,3677268.0,1.11
36571,2021-09-30,United States,392909995.0,474245945.0,214332261.0,55.6,118.35,184601450.0,64.56,142.85,917333.0,726899.0,2189.0,0.828,4031464.0,1.21
36572,2021-10-01,United States,393756866.0,477069555.0,214597690.0,55.68,118.6,184852416.0,64.64,143.7,846871.0,741394.0,2233.0,0.825,4363791.0,1.31
36573,2021-10-02,United States,394690283.0,478362045.0,214870696.0,55.77,118.88,185143698.0,64.72,144.09,933417.0,759656.0,2288.0,0.825,4742750.0,1.43
36574,2021-10-03,United States,395934825.0,478410525.0,215233625.0,55.87,119.26,185492579.0,64.83,144.1,1244542.0,831500.0,2505.0,0.828,5287357.0,1.59
36575,2021-10-04,United States,396919564.0,478392765.0,215502382.0,55.96,119.56,185788098.0,64.91,144.1,984739.0,893520.0,2691.0,0.83,5711774.0,1.72
36576,2021-10-05,United States,397718055.0,479356915.0,215737487.0,56.04,119.8,186060146.0,64.98,144.39,798491.0,912752.0,2749.0,0.83,6008449.0,1.81
36577,2021-10-06,United States,398675414.0,480427985.0,216012495.0,56.14,120.08,186385751.0,65.06,144.71,957359.0,954679.0,2876.0,0.83,6372007.0,1.92
36578,2021-10-07,United States,399552444.0,482326275.0,216268034.0,56.21,120.35,186618184.0,65.14,145.28,877030.0,948921.0,2858.0,0.828,6764574.0,2.04
36579,2021-10-08,United States,400669422.0,485713525.0,216573911.0,56.3,120.68,186917921.0,65.23,146.3,1116978.0,987508.0,2974.0,0.825,7284455.0,2.19
36580,2021-10-09,United States,401819240.0,487277035.0,216889814.0,56.39,121.03,187215471.0,65.33,146.77,1149818.0,1018422.0,3068.0,0.825,7786263.0,2.35
36581,2021-10-10,United States,,,,,,,,,,924325.0,2784.0,,,
36582,2021-10-11,United States,,,,,,,,,,867343.0,2613.0,,,
36583,2021-10-12,United States,403576826.0,488178975.0,217403897.0,56.54,121.56,187714829.0,65.48,147.04,,836967.0,2521.0,0.827,8548326.0,2.57
36584,2021-10-13,United States,404371247.0,489254145.0,217627490.0,56.61,121.8,187937559.0,65.55,147.37,794421.0,813690.0,2451.0,0.827,8903874.0,2.68
36585,2021-10-14,United States,405444558.0,490951045.0,217953275.0,56.71,122.12,188281747.0,65.65,147.88,1073311.0,841731.0,2535.0,0.826,9319172.0,2.81
36586,2021-10-15,United States,406570875.0,493139295.0,218318056.0,56.82,122.46,188655196.0,65.76,148.54,1126317.0,843065.0,2539.0,0.824,9723131.0,2.93
36587,2021-10-16,United States,407446961.0,494918755.0,218562924.0,56.9,122.73,188902483.0,65.83,149.07,876086.0,803960.0,2422.0,0.823,10114824.0,3.05
36588,2021-10-17,United States,408265959.0,494698695.0,218805579.0,56.97,122.97,189141481.0,65.91,149.01,818998.0,837265.0,2522.0,0.825,10461286.0,3.15
36589,2021-10-18,United States,408797942.0,494655075.0,218973123.0,57.02,123.13,189292559.0,65.96,148.99,531983.0,829568.0,2499.0,0.826,10681175.0,3.22
36590,2021-10-19,United States,409438987.0,495844635.0,219161368.0,57.08,123.33,189487793.0,66.01,149.35,641045.0,837452.0,2522.0,0.826,10926564.0,3.29
36591,2021-10-20,United States,410189737.0,496915265.0,219381466.0,57.14,123.55,189709710.0,66.08,149.67,750750.0,831213.0,2504.0,0.825,11246668.0,3.39
36592,2021-10-21,United States,411010650.0,498702405.0,219624445.0,57.21,123.8,189924447.0,66.15,150.21,820913.0,795156.0,2395.0,0.824,11607334.0,3.5
36593,2021-10-22,United States,411963025.0,501613665.0,219900525.0,57.28,124.09,190179553.0,66.24,151.09,952375.0,770307.0,2320.0,0.821,12037101.0,3.63
36594,2021-10-23,United States,412856169.0,503521625.0,220145796.0,57.35,124.36,190402262.0,66.31,151.66,893144.0,772744.0,2328.0,0.82,12472219.0,3.76
36595,2021-10-24,United States,413645478.0,503493015.0,220351217.0,57.4,124.59,190578704.0,66.37,151.66,789309.0,768503.0,2315.0,0.822,12888226.0,3.88
36596,2021-10-25,United States,414302192.0,503418475.0,220519217.0,57.44,124.79,190699790.0,66.42,151.63,656714.0,786321.0,2368.0,0.823,13262718.0,3.99
36597,2021-10-26,United States,415012026.0,504584715.0,220648845.0,57.47,125.01,190793100.0,66.46,151.99,709834.0,796148.0,2398.0,0.822,13753793.0,4.14
36598,2021-10-27,United States,,,,,,,,,,879790.0,2650.0,,,
36599,2021-10-28,United States,,,,,,,,,,953409.0,2872.0,,,
36600,2021-10-29,United States,419020753.0,514925015.0,220860887.0,57.83,126.21,191997869.0,66.53,155.1,,1008247.0,3037.0,0.814,16682269.0,5.02
36601,2021-10-30,United States,420657683.0,518701225.0,221221467.0,57.91,126.71,192244927.0,66.63,156.24,1636930.0,1114502.0,3357.0,0.811,17723033.0,5.34
36602,2021-10-31,United States,422070099.0,518696735.0,221520153.0,57.97,127.13,192453500.0,66.72,156.24,1412416.0,1203517.0,3625.0,0.814,18607505.0,5.6
36603,2021-11-01,United States,423005384.0,518561375.0,221760691.0,58.01,127.41,192586927.0,66.8,156.19,935285.0,1243313.0,3745.0,0.816,19178738.0,5.78
36604,2021-11-02,United States,423942794.0,521502845.0,221961370.0,58.05,127.7,192726406.0,66.86,157.08,937410.0,1275824.0,3843.0,0.813,19783921.0,5.96
36605,2021-11-03,United States,425272828.0,525071855.0,222268786.0,58.11,128.1,192931486.0,66.95,158.16,1330034.0,1274937.0,3840.0,0.81,20608965.0,6.21
36606,2021-11-04,United States,426728092.0,528775895.0,222591394.0,58.2,128.53,193227813.0,67.05,159.27,1455264.0,1291940.0,3891.0,0.807,21483519.0,6.47
36607,2021-11-05,United States,428006540.0,531287645.0,222902939.0,58.26,128.91,193425862.0,67.14,160.02,1278448.0,1283684.0,3866.0,0.806,22271357.0,6.71
36608,2021-11-06,United States,429442508.0,533019545.0,223245121.0,58.32,129.35,193627929.0,67.24,160.54,1435968.0,1254975.0,3780.0,0.806,23175194.0,6.98
36609,2021-11-07,United States,430927624.0,534081335.0,223629671.0,58.38,129.79,193832584.0,67.36,160.86,1485116.0,1265361.0,3811.0,0.807,24084107.0,7.25
36610,2021-11-08,United States,432111860.0,534086695.0,223944369.0,58.43,130.15,194001108.0,67.45,160.87,1184236.0,1300925.0,3918.0,0.809,24795097.0,7.47
36611,2021-11-09,United States,433156393.0,536665505.0,224257467.0,58.48,130.47,194168611.0,67.55,161.64,1044533.0,1316228.0,3964.0,0.807,25368545.0,7.64
36612,2021-11-10,United States,434486889.0,541361525.0,224660453.0,58.55,130.87,194382921.0,67.67,163.06,1330496.0,1316294.0,3965.0,0.803,26087147.0,7.86
36613,2021-11-11,United States,,,,,,,,,,1313050.0,3955.0,,,
36614,2021-11-12,United States,437352000.0,551000705.0,225606197.0,58.66,131.73,194747839.0,67.95,165.96,,1335066.0,4021.0,0.794,27660515.0,8.33
36615,2021-11-13,United States,439034461.0,553881535.0,226157226.0,58.72,132.24,194951106.0,68.12,166.83,1682461.0,1370279.0,4127.0,0.793,28571625.0,8.61
36616,2021-11-14,United States,440559613.0,553802305.0,226607653.0,58.77,132.7,195120470.0,68.25,166.8,1525152.0,1375998.0,4144.0,0.796,29338966.0,8.84
36617,2021-11-15,United States,442005260.0,553705305.0,227133617.0,58.82,133.13,195275904.0,68.41,166.77,1445647.0,1413343.0,4257.0,0.798,30067444.0,9.06
36618,2021-11-16,United States,443374199.0,556077145.0,227691941.0,58.86,133.54,195435688.0,68.58,167.49,1368939.0,1459687.0,4397.0,0.797,30708979.0,9.25
36619,2021-11-17,United States,444789186.0,558460315.0,228175638.0,58.92,133.97,195612365.0,68.73,168.21,1414987.0,1471757.0,4433.0,0.796,31464669.0,9.48
36620,2021-11-18,United States,446250342.0,561149025.0,228570531.0,58.95,134.41,195713107.0,68.84,169.02,1461156.0,1475842.0,4445.0,0.795,32469881.0,9.78
36621,2021-11-19,United States,448155906.0,562868095.0,229291004.0,59.01,134.98,195920566.0,69.06,169.53,1905564.0,1543415.0,4649.0,0.796,33454832.0,10.08
36622,2021-11-20,United States,,,,,,,,,,1465531.0,4414.0,,,
36623,2021-11-21,United States,,,,,,,,,,1410119.0,4247.0,,,
36624,2021-11-22,United States,,,,,,,,,,1366065.0,4115.0,,,
36625,2021-11-23,United States,452704982.0,569050695.0,230669289.0,59.03,136.35,195973992.0,69.48,171.4,,1332969.0,4015.0,0.796,36640102.0,11.04
36626,2021-11-24,United States,454447737.0,572190175.0,231367686.0,59.09,136.88,196168756.0,69.69,172.34,1742755.0,1379793.0,4156.0,0.794,37499004.0,11.29
36627,2021-11-25,United States,,,,,,,,,,1307829.0,3939.0,,,
36628,2021-11-26,United States,,,,,,,,,,1172379.0,3531.0,,,
36629,2021-11-27,United States,,,,,,,,,,1146685.0,3454.0,,,
36630,2021-11-28,United States,,,,,,,,,,1120991.0,3376.0,,,
36631,2021-11-29,United States,459234791.0,570662725.0,232792508.0,59.28,138.32,196806194.0,70.12,171.88,,1095297.0,3299.0,0.805,40247890.0,12.12
36632,2021-11-30,United States,460773508.0,573238255.0,233207582.0,59.35,138.78,197058988.0,70.24,172.66,1538717.0,1152647.0,3472.0,0.804,41126064.0,12.39
36633,2021-12-01,United States,462263845.0,575721925.0,233590555.0,59.45,139.23,197363116.0,70.36,173.41,1490337.0,1116587.0,3363.0,0.803,41933410.0,12.63
36634,2021-12-02,United States,464445580.0,578263565.0,234269053.0,59.59,139.89,197838728.0,70.56,174.17,2181735.0,1291490.0,3890.0,0.803,42973222.0,12.94
36635,2021-12-03,United States,466348132.0,580893145.0,234743864.0,59.7,140.46,198211641.0,70.7,174.96,1902552.0,1426510.0,4297.0,0.803,44035293.0,13.26
36636,2021-12-04,United States,468516782.0,581107805.0,235297964.0,59.82,141.12,198592167.0,70.87,175.03,2168650.0,1599545.0,4818.0,0.806,45288817.0,13.64
36637,2021-12-05,United States,470297846.0,580417105.0,235698738.0,59.93,141.65,198962520.0,70.99,174.82,1781064.0,1717209.0,5172.0,0.81,46299869.0,13.95
36638,2021-12-06,United States,471700443.0,580074805.0,236018871.0,60.03,142.07,199313022.0,71.09,174.72,1402597.0,1780807.0,5364.0,0.813,47039759.0,14.17
36639,2021-12-07,United States,473243228.0,582057445.0,236363835.0,60.15,142.54,199687439.0,71.19,175.31,1542785.0,1781389.0,5365.0,0.813,47866620.0,14.42
36640,2021-12-08,United States,475728399.0,586471075.0,237087380.0,60.36,143.29,200400533.0,71.41,176.64,2485171.0,1923508.0,5794.0,0.811,48896346.0,14.73
36641,2021-12-09,United States,477433765.0,588422575.0,237468725.0,60.46,143.8,200717387.0,71.52,177.23,1705366.0,1855455.0,5589.0,0.811,49900089.0,15.03
36642,2021-12-10,United States,480567772.0,591558685.0,238143066.0,60.62,144.75,201279582.0,71.73,178.18,3134007.0,2031377.0,6118.0,0.812,51749171.0,15.59
36643,2021-12-11,United States,482695970.0,594372295.0,238679707.0,60.75,145.39,201688550.0,71.89,179.02,2128198.0,2025598.0,6101.0,0.812,52923763.0,15.94
36644,2021-12-12,United States,484190896.0,594475575.0,239008166.0,60.83,145.84,201975235.0,71.99,179.05,1494926.0,1984721.0,5978.0,0.814,53803332.0,16.21
36645,2021-12-13,United States,485359746.0,594465265.0,239274656.0,60.92,146.19,202246698.0,72.07,179.05,1168850.0,1951329.0,5877.0,0.816,54439667.0,16.4
36646,2021-12-14,United States,486574475.0,597270245.0,239553956.0,60.99,146.55,202504037.0,72.15,179.9,1214729.0,1904464.0,5736.0,0.815,55121533.0,16.6
36647,2021-12-15,United States,488296089.0,599876215.0,239975167.0,61.1,147.07,202845886.0,72.28,180.68,1721614.0,1795384.0,5408.0,0.814,56080165.0,16.89
36648,2021-12-16,United States,490030849.0,602523315.0,240321022.0,61.19,147.6,203159327.0,72.38,181.48,1734760.0,1799583.0,5420.0,0.813,57101568.0,17.2
36649,2021-12-17,United States,491892649.0,606975165.0,240775382.0,61.29,148.16,203479206.0,72.52,182.82,1861800.0,1617840.0,4873.0,0.81,58185916.0,17.53
36650,2021-12-18,United States,,,,,,,,,,1509610.0,4547.0,,,
36651,2021-12-19,United States,,,,,,,,,,1491849.0,4493.0,,,
36652,2021-12-20,United States,,,,,,,,,,1520669.0,4580.0,,,
36653,2021-12-21,United States,497375025.0,606309295.0,241132288.0,61.62,149.81,204578725.0,72.63,182.62,,1542936.0,4647.0,0.82,62211823.0,18.74
36654,2021-12-22,United States,,,,,,,,,,1500370.0,4519.0,,,
36655,2021-12-23,United States,500222330.0,611897975.0,241520561.0,61.67,150.67,204740321.0,72.75,184.3,,1455926.0,4385.0,0.817,64475171.0,19.42
36656,2021-12-24,United States,,,,,,,,,,1306324.0,3935.0,,,
36657,2021-12-25,United States,,,,,,,,,,1226894.0,3695.0,,,
36658,2021-12-26,United States,,,,,,,,,,1147464.0,3456.0,,,
36659,2021-12-27,United States,503480667.0,609589955.0,242433620.0,61.8,151.65,205196973.0,73.02,183.61,,1068034.0,3217.0,0.826,66366001.0,19.99
36660,2021-12-28,United States,505013980.0,609591375.0,242813374.0,61.87,152.11,205420745.0,73.13,183.61,1533313.0,1091279.0,3287.0,0.828,67272036.0,20.26
36661,2021-12-29,United States,506313935.0,614262265.0,243182423.0,61.94,152.5,205638307.0,73.25,185.01,1299955.0,1073608.0,3234.0,0.824,67985137.0,20.48
36662,2021-12-30,United States,507657980.0,615358465.0,243527564.0,61.99,152.9,205811394.0,73.35,185.34,1344045.0,1062236.0,3199.0,0.825,68810709.0,20.73
36663,2021-12-31,United States,,,,,,,,,,1088925.0,3280.0,,,
36664,2022-01-01,United States,,,,,,,,,,1115614.0,3360.0,,,
36665,2022-01-02,United States,,,,,,,,,,1142302.0,3441.0,,,
36666,2022-01-03,United States,,,,,,,,,,1168991.0,3521.0,,,
36667,2022-01-04,United States,512665013.0,614411815.0,244947293.0,62.22,154.41,206581659.0,73.78,185.06,,1093005.0,3292.0,0.834,71635989.0,21.58
36668,2022-01-05,United States,513839973.0,618076045.0,245278020.0,62.29,154.77,206797799.0,73.88,186.16,1174960.0,1075148.0,3238.0,0.831,72262703.0,21.77
36669,2022-01-06,United States,515162867.0,632575655.0,245653518.0,62.35,155.17,207016514.0,73.99,190.53,1322894.0,1072127.0,3229.0,0.814,72991028.0,21.98
36670,2022-01-07,United States,516597039.0,632575655.0,246050320.0,62.42,155.6,207229983.0,74.11,190.53,1434172.0,1133950.0,3415.0,0.817,73814228.0,22.23
36671,2022-01-08,United States,518021463.0,639717695.0,246447823.0,62.48,156.03,207452448.0,74.23,192.68,1424424.0,1194381.0,3597.0,0.81,74617848.0,22.47
36672,2022-01-09,United States,519335422.0,639673115.0,246812939.0,62.55,156.42,207662071.0,74.34,192.67,1313959.0,1239032.0,3732.0,0.812,75356579.0,22.7
36673,2022-01-10,United States,520166098.0,639652445.0,247051363.0,62.59,156.67,207796335.0,74.41,192.66,830676.0,1214642.0,3658.0,0.813,75816800.0,22.84
36674,2022-01-11,United States,521156804.0,641885155.0,247321023.0,62.64,156.97,207954605.0,74.49,193.33,990706.0,1213113.0,3654.0,0.812,76381394.0,23.01
36675,2022-01-12,United States,522482674.0,644652095.0,247695845.0,62.7,157.37,208182657.0,74.61,194.17,1325870.0,1234672.0,3719.0,0.81,77101175.0,23.22
36676,2022-01-13,United States,524199956.0,646546885.0,247987225.0,62.82,157.89,208564894.0,74.69,194.74,1717282.0,1291013.0,3888.0,0.811,78139161.0,23.54
36677,2022-01-14,United States,525604449.0,648764695.0,248338448.0,62.89,158.31,208791862.0,74.8,195.41,1404493.0,1286773.0,3876.0,0.81,78961755.0,23.78
36678,2022-01-15,United States,526898876.0,651532915.0,248707432.0,62.95,158.7,208995438.0,74.91,196.24,1294427.0,1268202.0,3820.0,0.809,79681686.0,24.0
36679,2022-01-16,United States,,,,,,,,,,1193256.0,3594.0,,,
36680,2022-01-17,United States,,,,,,,,,,1187351.0,3576.0,,,
36681,2022-01-18,United States,,,,,,,,,,1158584.0,3490.0,,,
36682,2022-01-19,United States,,,,,,,,,,1081937.0,3259.0,,,
36683,2022-01-20,United States,,,,,,,,,,949374.0,2859.0,,,
36684,2022-01-21,United States,,,,,,,,,,861495.0,2595.0,,,
36685,2022-01-22,United States,,,,,,,,,,789339.0,2377.0,,,
36686,2022-01-23,United States,,,,,,,,,,789339.0,2377.0,,,
36687,2022-01-24,United States,,,,,,,,,,789339.0,2377.0,,,
36688,2022-01-25,United States,,,,,,,,,,789339.0,2377.0,,,
36689,2022-01-26,United States,,,,,,,,,,789339.0,2377.0,,,
36690,2022-01-27,United States,536370947.0,663451855.0,249267851.0,63.6,161.55,211162083.0,75.08,199.83,,789339.0,2377.0,0.808,86484618.0,26.05
36691,2022-01-28,United States,537238853.0,664844185.0,249473925.0,63.66,161.81,211343818.0,75.14,200.25,867906.0,800563.0,2411.0,0.808,86955357.0,26.19
36692,2022-01-29,United States,538086232.0,666304825.0,249695301.0,63.71,162.07,211533229.0,75.21,200.69,847379.0,808854.0,2436.0,0.808,87383007.0,26.32
36693,2022-01-30,United States,538829920.0,666319395.0,249892470.0,63.76,162.29,211695131.0,75.27,200.69,743688.0,802333.0,2417.0,0.809,87760753.0,26.43
36694,2022-01-31,United States,539337296.0,666319295.0,250029773.0,63.8,162.45,211818885.0,75.31,200.69,507376.0,762052.0,2295.0,0.809,88000239.0,26.51
36695,2022-02-01,United States,539921122.0,667094365.0,250184240.0,63.84,162.62,211954555.0,75.35,200.93,583826.0,732693.0,2207.0,0.809,88286037.0,26.59
36696,2022-02-02,United States,540630198.0,668308025.0,250378993.0,63.89,162.84,212130684.0,75.41,201.29,709076.0,721227.0,2172.0,0.809,88614084.0,26.69
36697,2022-02-03,United States,541410847.0,669540355.0,250593665.0,63.95,163.07,212336183.0,75.48,201.66,780649.0,719986.0,2169.0,0.809,88983833.0,26.8
36698,2022-02-04,United States,541999800.0,670318455.0,250731754.0,64.0,163.25,212481465.0,75.52,201.9,588953.0,680135.0,2049.0,0.809,89288662.0,26.89
36699,2022-02-05,United States,542675367.0,670472455.0,250915858.0,64.05,163.45,212657682.0,75.58,201.94,675567.0,655591.0,1975.0,0.809,89594265.0,26.99
36700,2022-02-06,United States,543220044.0,670573255.0,251070439.0,64.1,163.62,212806521.0,75.62,201.97,544677.0,627161.0,1889.0,0.81,89825774.0,27.06
36701,2022-02-07,United States,543619492.0,670573355.0,251176199.0,64.13,163.74,212920278.0,75.65,201.97,399448.0,611742.0,1843.0,0.811,90003095.0,27.11
36702,2022-02-08,United States,544139366.0,671790965.0,251312470.0,64.17,163.89,213061117.0,75.69,202.34,519874.0,602606.0,1815.0,0.81,90240071.0,27.18
36703,2022-02-09,United States,544772697.0,673608245.0,251467303.0,64.23,164.08,213246140.0,75.74,202.89,633331.0,591786.0,1782.0,0.809,90533404.0,27.27
36704,2022-02-10,United States,545477120.0,674675725.0,251655172.0,64.28,164.3,213430434.0,75.8,203.21,704423.0,580896.0,1750.0,0.809,90852670.0,27.36
36705,2022-02-11,United States,545981537.0,675764425.0,251755851.0,64.32,164.45,213563173.0,75.83,203.54,504417.0,568820.0,1713.0,0.808,91109196.0,27.44
36706,2022-02-12,United States,546624663.0,676619725.0,251926344.0,64.38,164.64,213734419.0,75.88,203.8,643126.0,564185.0,1699.0,0.808,91397490.0,27.53
36707,2022-02-13,United States,547109724.0,676650825.0,252054215.0,64.42,164.79,213869678.0,75.92,203.81,485061.0,555669.0,1674.0,0.809,91610532.0,27.59
36708,2022-02-14,United States,547446164.0,676650925.0,252144326.0,64.44,164.89,213962983.0,75.95,203.81,336440.0,546667.0,1647.0,0.809,91758822.0,27.64
36709,2022-02-15,United States,547948656.0,677198225.0,252277758.0,64.49,165.04,214104148.0,75.99,203.97,502492.0,544184.0,1639.0,0.809,91977984.0,27.7
36710,2022-02-16,United States,548391614.0,677808725.0,252400057.0,64.52,165.17,214218580.0,76.02,204.15,442958.0,516988.0,1557.0,0.809,92168053.0,27.76
36711,2022-02-17,United States,548934364.0,684648105.0,252539755.0,64.6,165.34,214474721.0,76.06,206.21,542750.0,493892.0,1488.0,0.802,92372036.0,27.82
36712,2022-02-18,United States,549419374.0,685838905.0,252650507.0,64.64,165.48,214602856.0,76.1,206.57,485010.0,491120.0,1479.0,0.801,92589369.0,27.89
36713,2022-02-19,United States,549939423.0,686495805.0,252791817.0,64.68,165.64,214745073.0,76.14,206.77,520049.0,473537.0,1426.0,0.801,92807720.0,27.95
36714,2022-02-20,United States,,,,,,,,,,451170.0,1359.0,,,
36715,2022-02-21,United States,,,,,,,,,,450035.0,1355.0,,,
36716,2022-02-22,United States,550924900.0,686948505.0,253055679.0,64.76,165.94,215006201.0,76.22,206.91,,425178.0,1281.0,0.802,93240194.0,28.08
36717,2022-02-23,United States,551372287.0,687728405.0,253179401.0,64.8,166.07,215129430.0,76.26,207.14,447387.0,425810.0,1283.0,0.802,93428100.0,28.14
36718,2022-02-24,United States,,,,,,,,,,394902.0,1189.0,,,
36719,2022-02-25,United States,552025069.0,689427145.0,253232298.0,64.85,166.27,215318037.0,76.27,207.65,,372242.0,1121.0,0.801,93811640.0,28.26
36720,2022-02-26,United States,552526931.0,689797945.0,253395029.0,64.89,166.42,215457016.0,76.32,207.76,501862.0,369644.0,1113.0,0.801,94007111.0,28.31
36721,2022-02-27,United States,,,,,,,,,,362171.0,1091.0,,,
36722,2022-02-28,United States,553079296.0,690214745.0,253548597.0,64.94,166.59,215602728.0,76.37,207.89,,354698.0,1068.0,0.801,94247084.0,28.39
36723,2022-03-01,United States,553378046.0,690435045.0,253629644.0,64.96,166.68,215677777.0,76.39,207.96,298750.0,350449.0,1056.0,0.801,94383887.0,28.43
36724,2022-03-02,United States,553778476.0,691012865.0,253752684.0,64.99,166.8,215775839.0,76.43,208.13,400430.0,343741.0,1035.0,0.801,94552155.0,28.48
36725,2022-03-03,United States,554168735.0,691748065.0,253804278.0,65.03,166.91,215892470.0,76.45,208.35,390259.0,352865.0,1063.0,0.801,94770180.0,28.54
36726,2022-03-04,United States,554532208.0,692727735.0,253904022.0,65.05,167.02,215987252.0,76.48,208.65,363473.0,358163.0,1079.0,0.801,94941167.0,28.6
36727,2022-03-05,United States,554868239.0,693416435.0,254002347.0,65.08,167.12,216079408.0,76.5,208.85,336031.0,334473.0,1007.0,0.8,95073718.0,28.64
36728,2022-03-06,United States,555112353.0,693429635.0,254071045.0,65.1,167.2,216147515.0,76.53,208.86,244114.0,329891.0,994.0,0.801,95172197.0,28.67
36729,2022-03-07,United States,555332256.0,693433335.0,254132442.0,65.12,167.26,216204455.0,76.54,208.86,219903.0,321851.0,969.0,0.801,95269125.0,28.69
36730,2022-03-08,United States,555595418.0,693860235.0,254205456.0,65.14,167.34,216273632.0,76.57,208.99,263162.0,316767.0,954.0,0.801,95383577.0,28.73
36731,2022-03-09,United States,555897985.0,694288735.0,254299172.0,65.17,167.43,216355844.0,76.59,209.12,302567.0,302787.0,912.0,0.801,95499589.0,28.76
36732,2022-03-10,United States,,,,,,,,,,282724.0,852.0,,,
36733,2022-03-11,United States,556397627.0,695483935.0,254379621.0,65.21,167.59,216497318.0,76.62,209.48,,266488.0,803.0,0.8,95739353.0,28.84
36734,2022-03-12,United States,556777608.0,695483935.0,254492315.0,65.24,167.7,216587984.0,76.65,209.48,379981.0,272767.0,822.0,0.801,95896178.0,28.88
36735,2022-03-13,United States,556980091.0,695483935.0,254551489.0,65.25,167.76,216647869.0,76.67,209.48,202483.0,266820.0,804.0,0.801,95973403.0,28.91
36736,2022-03-14,United States,557138106.0,695949235.0,254599776.0,65.27,167.81,216690804.0,76.68,209.62,158015.0,257979.0,777.0,0.801,96035748.0,28.93
36737,2022-03-15,United States,557407604.0,696302775.0,254681134.0,65.29,167.89,216767955.0,76.71,209.72,269498.0,258884.0,780.0,0.801,96139624.0,28.96
36738,2022-03-16,United States,557644629.0,696801055.0,254750626.0,65.31,167.96,216829829.0,76.73,209.87,237025.0,249521.0,752.0,0.8,96232774.0,28.99
36739,2022-03-17,United States,557902891.0,697440555.0,254823742.0,65.33,168.04,216897061.0,76.75,210.07,258262.0,250726.0,755.0,0.8,96335336.0,29.02
36740,2022-03-18,United States,558121108.0,698418075.0,254870034.0,65.35,168.1,216952347.0,76.77,210.36,218217.0,246212.0,742.0,0.799,96439386.0,29.05
36741,2022-03-19,United States,,,,,,,,,,210799.0,635.0,,,
36742,2022-03-20,United States,,,,,,,,,,200743.0,605.0,,,
36743,2022-03-21,United States,,,,,,,,,,197039.0,593.0,,,
36744,2022-03-22,United States,558649472.0,698418375.0,254925941.0,65.39,168.26,217110680.0,76.78,210.36,,177410.0,534.0,0.8,96776607.0,29.15
36745,2022-03-23,United States,558918245.0,699566225.0,255001325.0,65.42,168.34,217184868.0,76.81,210.71,268773.0,181945.0,548.0,0.799,96874549.0,29.18
36746,2022-03-24,United States,559242230.0,699987725.0,255103626.0,65.44,168.44,217271157.0,76.84,210.83,323985.0,191334.0,576.0,0.799,96999241.0,29.22
36747,2022-03-25,United States,559436368.0,700489165.0,255146100.0,65.45,168.5,217316148.0,76.85,210.99,194138.0,187894.0,566.0,0.799,97093580.0,29.24
36748,2022-03-26,United States,559705770.0,701242465.0,255221135.0,65.47,168.58,217381416.0,76.87,211.21,269402.0,207510.0,625.0,0.798,97204363.0,29.28
36749,2022-03-27,United States,559873640.0,701257665.0,255271920.0,65.49,168.63,217424576.0,76.89,211.22,167870.0,212621.0,640.0,0.798,97269485.0,29.3
36750,2022-03-28,United States,559976590.0,701257665.0,255303233.0,65.49,168.66,217448365.0,76.9,211.22,102950.0,208458.0,628.0,0.799,97312503.0,29.31
36751,2022-03-29,United States,560181791.0,701686165.0,255362450.0,65.51,168.72,217498967.0,76.91,211.35,205201.0,218903.0,659.0,0.798,97397383.0,29.34
36752,2022-03-30,United States,560419082.0,702181465.0,255428475.0,65.53,168.8,217556439.0,76.93,211.49,237291.0,214405.0,646.0,0.798,97495673.0,29.37
36753,2022-03-31,United States,560823729.0,702957265.0,255534750.0,65.55,168.92,217639435.0,76.97,211.73,404647.0,225928.0,680.0,0.798,97674972.0,29.42
36754,2022-04-01,United States,561173692.0,703016545.0,255582575.0,65.57,169.02,217703007.0,76.98,211.75,349963.0,248189.0,748.0,0.798,97793707.0,29.46
36755,2022-04-02,United States,561659770.0,705215245.0,255654273.0,65.59,169.17,217774183.0,77.0,212.41,486078.0,279143.0,841.0,0.796,97904975.0,29.49
36756,2022-04-03,United States,562085242.0,705237845.0,255713962.0,65.61,169.3,217834304.0,77.02,212.42,425472.0,315943.0,952.0,0.797,97994315.0,29.52
36757,2022-04-04,United States,562435301.0,705237845.0,255765972.0,65.63,169.4,217882466.0,77.04,212.42,350059.0,351244.0,1058.0,0.798,98065668.0,29.54
36758,2022-04-05,United States,562935409.0,705978645.0,255838817.0,65.65,169.55,217955850.0,77.06,212.64,500108.0,393374.0,1185.0,0.797,98168087.0,29.57
36759,2022-04-06,United States,563391773.0,707281045.0,255873739.0,65.67,169.69,218043500.0,77.07,213.03,456364.0,424670.0,1279.0,0.797,98312742.0,29.61
36760,2022-04-07,United States,563999093.0,708450345.0,255975678.0,65.7,169.87,218135613.0,77.1,213.38,607320.0,453623.0,1366.0,0.796,98424742.0,29.65
36761,2022-04-08,United States,564572230.0,710119045.0,256062152.0,65.73,170.05,218235689.0,77.13,213.89,573137.0,485505.0,1462.0,0.795,98533836.0,29.68
36762,2022-04-09,United States,565162367.0,710119345.0,256151498.0,65.76,170.23,218319564.0,77.15,213.89,590137.0,500371.0,1507.0,0.796,98643339.0,29.71
36763,2022-04-10,United States,565598011.0,711815445.0,256213167.0,65.77,170.36,218377792.0,77.17,214.4,435644.0,501824.0,1511.0,0.795,98721597.0,29.73
36764,2022-04-11,United States,565945931.0,711815445.0,256266662.0,65.79,170.46,218430663.0,77.19,214.4,347920.0,501519.0,1511.0,0.795,98783608.0,29.75
36765,2022-04-12,United States,566532062.0,712646145.0,256363358.0,65.82,170.64,218521227.0,77.22,214.65,586131.0,513808.0,1548.0,0.795,98900726.0,29.79
36766,2022-04-13,United States,567188881.0,713605745.0,256489187.0,65.85,170.84,218622907.0,77.25,214.94,656819.0,542444.0,1634.0,0.795,99035505.0,29.83
36767,2022-04-14,United States,,,,,,,,,,536049.0,1615.0,,,
36768,2022-04-15,United States,568313997.0,716587745.0,256578697.0,65.88,171.17,218740564.0,77.28,215.83,,534538.0,1610.0,0.793,99267892.0,29.9
36769,2022-04-16,United States,,,,,,,,,,527660.0,1589.0,,,
36770,2022-04-17,United States,569397972.0,718074545.0,256777441.0,65.93,171.5,218907165.0,77.34,216.28,,542852.0,1635.0,0.793,99460652.0,29.96
36771,2022-04-18,United States,569642898.0,718074545.0,256814643.0,65.94,171.57,218937361.0,77.35,216.28,244926.0,528138.0,1591.0,0.793,99505898.0,29.97
36772,2022-04-19,United States,570111773.0,718395045.0,256880347.0,65.96,171.72,218996861.0,77.37,216.38,468875.0,511387.0,1540.0,0.794,99595909.0,30.0
36773,2022-04-20,United States,570485199.0,719789345.0,256935026.0,65.98,171.83,219047079.0,77.39,216.8,373426.0,470903.0,1418.0,0.793,99663805.0,30.02
36774,2022-04-21,United States,571201893.0,720813845.0,257058180.0,66.01,172.04,219160055.0,77.43,217.11,716694.0,492922.0,1485.0,0.792,99804811.0,30.06
36775,2022-04-22,United States,,,,,,,,,,482680.0,1454.0,,,
36776,2022-04-23,United States,572183620.0,723181345.0,257188688.0,66.05,172.34,219280491.0,77.46,217.82,,475376.0,1432.0,0.791,99988588.0,30.12
36777,2022-04-24,United States,572595338.0,723183845.0,257255601.0,66.06,172.46,219338297.0,77.48,217.82,411718.0,456767.0,1376.0,0.792,100065793.0,30.14
36778,2022-04-25,United States,572829658.0,723209645.0,257296710.0,66.07,172.53,219370557.0,77.5,217.83,234320.0,455251.0,1371.0,0.792,100110420.0,30.15
36779,2022-04-26,United States,573582745.0,723926545.0,257354769.0,66.09,172.76,219423356.0,77.51,218.04,753087.0,495853.0,1493.0,0.792,100232875.0,30.19
36780,2022-04-27,United States,574232736.0,724696315.0,257423254.0,66.11,172.96,219483386.0,77.54,218.28,649991.0,535362.0,1612.0,0.792,100316900.0,30.22
36781,2022-04-28,United States,,,,,,,,,,506203.0,1525.0,,,
36782,2022-04-29,United States,575257890.0,727120115.0,257565087.0,66.15,173.27,219610128.0,77.58,219.01,,509305.0,1534.0,0.791,100509996.0,30.27
36783,2022-04-30,United States,575765730.0,728344715.0,257641065.0,66.17,173.42,219675939.0,77.6,219.38,507840.0,511730.0,1541.0,0.791,100600067.0,30.3
36784,2022-05-01,United States,576148079.0,728356815.0,257699646.0,66.18,173.53,219729731.0,77.62,219.38,382349.0,507534.0,1529.0,0.791,100670270.0,30.32
36785,2022-05-02,United States,,,,,,,,,,530769.0,1599.0,,,
36786,2022-05-03,United States,,,,,,,,,,479894.0,1445.0,,,
36787,2022-05-04,United States,,,,,,,,,,443747.0,1337.0,,,
36788,2022-05-05,United States,,,,,,,,,,427230.0,1287.0,,,
36789,2022-05-06,United States,,,,,,,,,,410714.0,1237.0,,,
36790,2022-05-07,United States,,,,,,,,,,394874.0,1189.0,,,
36791,2022-05-08,United States,,,,,,,,,,396961.0,1196.0,,,
36792,2022-05-09,United States,,,,,,,,,,396961.0,1196.0,,,
36793,2022-05-10,United States,,,,,,,,,,396961.0,1196.0,,,
36794,2022-05-11,United States,,,,,,,,,,396961.0,1196.0,,,
36795,2022-05-12,United States,580514653.0,734783455.0,257707346.0,66.4,174.85,220461007.0,77.62,221.31,,396961.0,1196.0,0.79,102011446.0,30.73
36796,2022-05-13,United States,580915871.0,736029755.0,257738565.0,66.41,174.97,220502022.0,77.63,221.69,401218.0,397569.0,1197.0,0.789,102094302.0,30.75
36797,2022-05-14,United States,581376728.0,736964755.0,257804117.0,66.43,175.11,220561439.0,77.65,221.97,460857.0,406697.0,1225.0,0.789,102177938.0,30.78
36798,2022-05-15,United States,581670838.0,736970055.0,257846006.0,66.44,175.2,220597701.0,77.66,221.97,294110.0,392004.0,1181.0,0.789,102232228.0,30.79
36799,2022-05-16,United States,581841231.0,737076255.0,257870633.0,66.45,175.25,220618615.0,77.67,222.01,170393.0,359637.0,1083.0,0.789,102263829.0,30.8
36800,2022-05-17,United States,582348105.0,737439955.0,257942199.0,66.47,175.4,220682023.0,77.69,222.11,506874.0,375339.0,1131.0,0.79,102360702.0,30.83
36801,2022-05-18,United States,582757136.0,738312155.0,258008907.0,66.49,175.52,220739345.0,77.71,222.38,409031.0,377063.0,1136.0,0.789,102439617.0,30.85
36802,2022-05-19,United States,,,,,,,,,,371877.0,1120.0,,,
36803,2022-05-20,United States,583478451.0,740540955.0,258036101.0,66.51,175.74,220811243.0,77.72,223.05,,366083.0,1103.0,0.788,102591622.0,30.9
36804,2022-05-21,United States,583987461.0,741658255.0,258106038.0,66.53,175.9,220878432.0,77.74,223.39,509010.0,372962.0,1123.0,0.787,102694522.0,30.93
36805,2022-05-22,United States,584279990.0,741676155.0,258149591.0,66.54,175.98,220914142.0,77.75,223.39,292529.0,372736.0,1123.0,0.788,102752401.0,30.95
36806,2022-05-23,United States,584449398.0,741676155.0,258174992.0,66.54,176.03,220933970.0,77.76,223.39,169408.0,372595.0,1122.0,0.788,102790201.0,30.96
36807,2022-05-24,United States,585029684.0,742543055.0,258256059.0,66.56,176.21,221001614.0,77.79,223.65,580286.0,383083.0,1154.0,0.788,102912618.0,31.0
36808,2022-05-25,United States,585416027.0,743369455.0,258312266.0,66.58,176.33,221050854.0,77.8,223.9,386343.0,379842.0,1144.0,0.788,102997276.0,31.02
36809,2022-05-26,United States,586008740.0,744812955.0,258394333.0,66.6,176.5,221128528.0,77.83,224.34,592713.0,412992.0,1244.0,0.787,103110612.0,31.06
36810,2022-05-27,United States,586508124.0,746456955.0,258463968.0,66.62,176.65,221190484.0,77.85,224.83,499384.0,432810.0,1304.0,0.786,103217414.0,31.09
36811,2022-05-28,United States,,,,,,,,,,390530.0,1176.0,,,
36812,2022-05-29,United States,,,,,,,,,,379176.0,1142.0,,,
36813,2022-05-30,United States,,,,,,,,,,385410.0,1161.0,,,
36814,2022-05-31,United States,587360320.0,747537255.0,258586526.0,66.65,176.91,221292360.0,77.89,225.16,,332948.0,1003.0,0.786,103424724.0,31.15
36815,2022-06-01,United States,587821662.0,747974855.0,258655540.0,66.67,177.05,221350544.0,77.91,225.29,461342.0,343662.0,1035.0,0.786,103535610.0,31.18
36816,2022-06-02,United States,,,,,,,,,,305563.0,920.0,,,
36817,2022-06-03,United States,588473704.0,749982055.0,258682487.0,66.69,177.25,221411336.0,77.91,225.89,,280797.0,846.0,0.785,103712931.0,31.24
36818,2022-06-04,United States,588874667.0,751414255.0,258747147.0,66.7,177.37,221464416.0,77.93,226.32,400963.0,307642.0,927.0,0.784,103807117.0,31.27
36819,2022-06-05,United States,589110077.0,751433155.0,258779830.0,66.71,177.44,221492058.0,77.94,226.33,235410.0,310836.0,936.0,0.784,103867818.0,31.28
36820,2022-06-06,United States,589231370.0,751433155.0,258800250.0,66.72,177.47,221506997.0,77.95,226.33,121293.0,297728.0,897.0,0.784,103900589.0,31.29
36821,2022-06-07,United States,,,,,,,,,,307538.0,926.0,,,
36822,2022-06-08,United States,,,,,,,,,,281876.0,849.0,,,
36823,2022-06-09,United States,590076511.0,754073055.0,258853549.0,66.75,177.73,221601089.0,77.97,227.12,,275547.0,830.0,0.783,104160225.0,31.37
36824,2022-06-10,United States,590441517.0,755336055.0,258896220.0,66.76,177.84,221640799.0,77.98,227.5,365006.0,281116.0,847.0,0.782,104252029.0,31.4
36825,2022-06-11,United States,590795244.0,756104155.0,258953600.0,66.77,177.95,221688993.0,78.0,227.74,353727.0,274368.0,826.0,0.781,104336368.0,31.43
36826,2022-06-12,United States,590999136.0,756125655.0,258984883.0,66.78,178.01,221714657.0,78.01,227.74,203892.0,269866.0,813.0,0.782,104390612.0,31.44
36827,2022-06-13,United States,591103144.0,756126355.0,259002087.0,66.78,178.04,221727733.0,78.01,227.74,104008.0,267396.0,805.0,0.782,104419281.0,31.45
36828,2022-06-14,United States,591406403.0,756780755.0,259048060.0,66.8,178.13,221768203.0,78.02,227.94,303259.0,270474.0,815.0,0.781,104496409.0,31.47
36829,2022-06-15,United States,591982644.0,757425455.0,259148285.0,66.83,178.3,221883332.0,78.05,228.13,576241.0,312550.0,941.0,0.782,104646217.0,31.52
36830,2022-06-16,United States,592269252.0,758129055.0,259198178.0,66.84,178.39,221924152.0,78.07,228.35,286608.0,313249.0,943.0,0.781,104718138.0,31.54
36831,2022-06-17,United States,,,,,,,,,,296112.0,892.0,,,
36832,2022-06-18,United States,,,,,,,,,,280586.0,845.0,,,
36833,2022-06-19,United States,,,,,,,,,,286465.0,863.0,,,
36834,2022-06-20,United States,,,,,,,,,,306613.0,924.0,,,
36835,2022-06-21,United States,,,,,,,,,,298297.0,898.0,,,
36836,2022-06-22,United States,593739529.0,762236905.0,259426758.0,66.9,178.83,222123223.0,78.14,229.58,,250984.0,756.0,0.779,105093591.0,31.65
36837,2022-06-23,United States,,,,,,,,,,260937.0,786.0,,,
36838,2022-06-24,United States,,,,,,,,,,276827.0,834.0,,,
36839,2022-06-25,United States,,,,,,,,,,292718.0,882.0,,,
36840,2022-06-26,United States,,,,,,,,,,308608.0,930.0,,,
36841,2022-06-27,United States,,,,,,,,,,324499.0,977.0,,,
36842,2022-06-28,United States,,,,,,,,,,340389.0,1025.0,,,
36843,2022-06-29,United States,596233489.0,770337705.0,259957415.0,66.95,179.58,222271398.0,78.3,232.02,,356280.0,1073.0,0.774,106275891.0,32.01
36844,2022-06-30,United States,,,,,,,,,,334394.0,1007.0,,,
36845,2022-07-01,United States,,,,,,,,,,312508.0,941.0,,,
36846,2022-07-02,United States,,,,,,,,,,290622.0,875.0,,,
36847,2022-07-03,United States,,,,,,,,,,268736.0,809.0,,,
36848,2022-07-04,United States,,,,,,,,,,246850.0,744.0,,,
36849,2022-07-05,United States,,,,,,,,,,224964.0,678.0,,,
36850,2022-07-06,United States,597655035.0,774307105.0,260327743.0,67.0,180.01,222455652.0,78.41,233.22,,203078.0,612.0,0.772,106615227.0,32.11
36851,2022-07-07,United States,,,,,,,,,,207415.0,625.0,,,
36852,2022-07-08,United States,,,,,,,,,,211753.0,638.0,,,
36853,2022-07-09,United States,,,,,,,,,,216090.0,651.0,,,
36854,2022-07-10,United States,,,,,,,,,,220428.0,664.0,,,
36855,2022-07-11,United States,,,,,,,,,,224765.0,677.0,,,
36856,2022-07-12,United States,,,,,,,,,,229102.0,690.0,,,
36857,2022-07-13,United States,599289113.0,779563765.0,260728030.0,67.07,180.5,222682315.0,78.53,234.8,,233440.0,703.0,0.769,107004061.0,32.23
36858,2022-07-14,United States,,,,,,,,,,245166.0,738.0,,,
36859,2022-07-15,United States,,,,,,,,,,256893.0,774.0,,,
36860,2022-07-16,United States,,,,,,,,,,268620.0,809.0,,,
36861,2022-07-17,United States,,,,,,,,,,280347.0,844.0,,,
36862,2022-07-18,United States,,,,,,,,,,292073.0,880.0,,,
36863,2022-07-19,United States,,,,,,,,,,303800.0,915.0,,,
36864,2022-07-20,United States,601497801.0,784110065.0,261204035.0,67.15,181.17,222950194.0,78.67,236.17,,315527.0,950.0,0.767,107468726.0,32.37
36865,2022-07-21,United States,,,,,,,,,,298392.0,899.0,,,
36866,2022-07-22,United States,,,,,,,,,,281257.0,847.0,,,
36867,2022-07-23,United States,,,,,,,,,,264123.0,796.0,,,
36868,2022-07-24,United States,,,,,,,,,,246988.0,744.0,,,
36869,2022-07-25,United States,,,,,,,,,,229853.0,692.0,,,
36870,2022-07-26,United States,,,,,,,,,,212718.0,641.0,,,
36871,2022-07-27,United States,,,,,,,,,,195584.0,589.0,,,
36872,2022-07-28,United States,,,,,,,,,,195584.0,589.0,,,
36873,2022-07-29,United States,,,,,,,,,,195584.0,589.0,,,
36874,2022-07-30,United States,,,,,,,,,,195584.0,589.0,,,
36875,2022-07-31,United States,,,,,,,,,,195584.0,589.0,,,
36876,2022-08-01,United States,,,,,,,,,,195584.0,589.0,,,
36877,2022-08-02,United States,,,,,,,,,,195584.0,589.0,,,
36878,2022-08-03,United States,604235972.0,794231535.0,261591428.0,67.18,181.99,223035566.0,78.79,239.22,,195584.0,589.0,0.761,107490375.0,32.38
36879,2022-08-04,United States,,,,,,,,,,206967.0,623.0,,,
36880,2022-08-05,United States,,,,,,,,,,218350.0,658.0,,,
36881,2022-08-06,United States,,,,,,,,,,229734.0,692.0,,,
36882,2022-08-07,United States,,,,,,,,,,241117.0,726.0,,,
36883,2022-08-08,United States,,,,,,,,,,252500.0,761.0,,,
36884,2022-08-09,United States,,,,,,,,,,263884.0,795.0,,,
36885,2022-08-10,United States,606162842.0,799444535.0,261981618.0,67.3,182.57,223457170.0,78.91,240.79,,275267.0,829.0,0.758,107872738.0,32.49
36886,2022-08-11,United States,,,,,,,,,,265035.0,798.0,,,
36887,2022-08-12,United States,,,,,,,,,,254804.0,767.0,,,
36888,2022-08-13,United States,,,,,,,,,,244572.0,737.0,,,
36889,2022-08-14,United States,,,,,,,,,,234340.0,706.0,,,
36890,2022-08-15,United States,,,,,,,,,,224108.0,675.0,,,
36891,2022-08-16,United States,,,,,,,,,,213876.0,644.0,,,
36892,2022-08-17,United States,607588353.0,803252035.0,262323837.0,67.37,183.0,223684995.0,79.01,241.94,,203644.0,613.0,0.756,108217633.0,32.59
36893,2022-08-18,United States,,,,,,,,,,202083.0,609.0,,,
36894,2022-08-19,United States,,,,,,,,,,200521.0,604.0,,,
36895,2022-08-20,United States,,,,,,,,,,198959.0,599.0,,,
36896,2022-08-21,United States,,,,,,,,,,197397.0,595.0,,,
36897,2022-08-22,United States,,,,,,,,,,195835.0,590.0,,,
36898,2022-08-23,United States,,,,,,,,,,194273.0,585.0,,,
36899,2022-08-24,United States,608937334.0,806829135.0,262643277.0,67.44,183.41,223914723.0,79.11,243.01,,192712.0,580.0,0.755,108540822.0,32.69
36900,2022-08-25,United States,,,,,,,,,,187126.0,564.0,,,
36901,2022-08-26,United States,,,,,,,,,,181540.0,547.0,,,
36902,2022-08-27,United States,,,,,,,,,,175954.0,530.0,,,
36903,2022-08-28,United States,,,,,,,,,,170369.0,513.0,,,
36904,2022-08-29,United States,,,,,,,,,,164783.0,496.0,,,
36905,2022-08-30,United States,,,,,,,,,,159197.0,479.0,,,
36906,2022-08-31,United States,610012616.0,809924135.0,262908216.0,67.5,183.73,224113439.0,79.19,243.95,,153612.0,463.0,0.753,108806974.0,32.77
36907,2022-09-01,United States,,,,,,,,,,145421.0,438.0,,,
36908,2022-09-02,United States,,,,,,,,,,137231.0,413.0,,,
36909,2022-09-03,United States,,,,,,,,,,129040.0,389.0,,,
36910,2022-09-04,United States,,,,,,,,,,120850.0,364.0,,,
36911,2022-09-05,United States,,,,,,,,,,112659.0,339.0,,,
36912,2022-09-06,United States,,,,,,,,,,104469.0,315.0,,,
36913,2022-09-07,United States,610686563.0,817498295.0,263103582.0,67.58,183.94,224367691.0,79.25,246.23,,96278.0,290.0,0.747,108953688.0,32.82
36914,2022-09-08,United States,,,,,,,,,,125270.0,377.0,,,
36915,2022-09-09,United States,,,,,,,,,,154262.0,465.0,,,
36916,2022-09-10,United States,,,,,,,,,,183254.0,552.0,,,
36917,2022-09-11,United States,,,,,,,,,,212246.0,639.0,,,
36918,2022-09-12,United States,,,,,,,,,,241238.0,727.0,,,
36919,2022-09-13,United States,,,,,,,,,,270230.0,814.0,,,
36920,2022-09-14,United States,612781120.0,834376095.0,263415633.0,67.66,184.57,224636858.0,79.34,251.31,,299222.0,901.0,0.734,109201576.0,32.89
36921,2022-09-15,United States,,,,,,,,,,325684.0,981.0,,,
36922,2022-09-16,United States,,,,,,,,,,352146.0,1061.0,,,
36923,2022-09-17,United States,,,,,,,,,,378608.0,1140.0,,,
36924,2022-09-18,United States,,,,,,,,,,405070.0,1220.0,,,
36925,2022-09-19,United States,,,,,,,,,,431532.0,1300.0,,,
36926,2022-09-20,United States,,,,,,,,,,457994.0,1379.0,,,
36927,2022-09-21,United States,616172308.0,843692095.0,263812108.0,67.76,185.59,224980931.0,79.46,254.12,,484455.0,1459.0,0.73,109578270.0,33.0
36928,2022-09-22,United States,,,,,,,,,,488588.0,1472.0,,,
36929,2022-09-23,United States,,,,,,,,,,492720.0,1484.0,,,
36930,2022-09-24,United States,,,,,,,,,,496852.0,1497.0,,,
36931,2022-09-25,United States,,,,,,,,,,500984.0,1509.0,,,
36932,2022-09-26,United States,,,,,,,,,,505116.0,1521.0,,,
36933,2022-09-27,United States,,,,,,,,,,509248.0,1534.0,,,
36934,2022-09-28,United States,619765972.0,854087395.0,264112767.0,67.85,186.67,225284115.0,79.55,257.25,,513381.0,1546.0,0.726,109970532.0,33.12
36935,2022-09-29,United States,,,,,,,,,,530510.0,1598.0,,,
36936,2022-09-30,United States,,,,,,,,,,547640.0,1649.0,,,
36937,2022-10-01,United States,,,,,,,,,,564769.0,1701.0,,,
36938,2022-10-02,United States,,,,,,,,,,581899.0,1753.0,,,
36939,2022-10-03,United States,,,,,,,,,,599028.0,1804.0,,,
36940,2022-10-04,United States,,,,,,,,,,616158.0,1856.0,,,
36941,2022-10-05,United States,624198981.0,863234395.0,264562221.0,68.03,188.01,225870613.0,79.69,260.0,,633287.0,1907.0,0.723,110560974.0,33.3
36942,2022-10-06,United States,,,,,,,,,,617429.0,1860.0,,,
36943,2022-10-07,United States,,,,,,,,,,601572.0,1812.0,,,
36944,2022-10-08,United States,,,,,,,,,,585714.0,1764.0,,,
36945,2022-10-09,United States,,,,,,,,,,569856.0,1716.0,,,
36946,2022-10-10,United States,,,,,,,,,,553999.0,1669.0,,,
36947,2022-10-11,United States,,,,,,,,,,538141.0,1621.0,,,
36948,2022-10-12,United States,627854963.0,871852135.0,265111489.0,68.13,189.11,226200755.0,79.85,262.6,,522283.0,1573.0,0.72,110835775.0,33.38
36949,2022-10-13,United States,,,,,,,,,,550747.0,1659.0,,,
36950,2022-10-14,United States,,,,,,,,,,579210.0,1745.0,,,
36951,2022-10-15,United States,,,,,,,,,,607674.0,1830.0,,,
36952,2022-10-16,United States,,,,,,,,,,636138.0,1916.0,,,
36953,2022-10-17,United States,,,,,,,,,,664601.0,2002.0,,,
36954,2022-10-18,United States,,,,,,,,,,693065.0,2087.0,,,
36955,2022-10-19,United States,632905664.0,882774235.0,265591330.0,68.25,190.63,226594560.0,80.0,265.89,,721529.0,2173.0,0.717,111367843.0,33.54
36956,2022-10-20,United States,,,,,,,,,,699390.0,2107.0,,,
36957,2022-10-21,United States,,,,,,,,,,677251.0,2040.0,,,
36958,2022-10-22,United States,,,,,,,,,,655112.0,1973.0,,,
36959,2022-10-23,United States,,,,,,,,,,632973.0,1906.0,,,
36960,2022-10-24,United States,,,,,,,,,,610834.0,1840.0,,,
36961,2022-10-25,United States,,,,,,,,,,588695.0,1773.0,,,
36962,2022-10-26,United States,636871557.0,890758935.0,266031472.0,68.35,191.82,226933827.0,80.13,268.29,,566556.0,1706.0,0.715,,
36963,2022-10-27,United States,,,,,,,,,,568106.0,1711.0,,,
36964,2022-10-28,United States,,,,,,,,,,569656.0,1716.0,,,
36965,2022-10-29,United States,,,,,,,,,,571206.0,1720.0,,,
36966,2022-10-30,United States,,,,,,,,,,572756.0,1725.0,,,
36967,2022-10-31,United States,,,,,,,,,,574306.0,1730.0,,,
36968,2022-11-01,United States,,,,,,,,,,575856.0,1734.0,,,
36969,2022-11-02,United States,640913400.0,928460585.0,266401911.0,68.49,193.04,227377753.0,80.24,279.65,,577406.0,1739.0,0.69,,
36970,2022-11-03,United States,,,,,,,,,,609428.0,1836.0,,,
36971,2022-11-04,United States,,,,,,,,,,641449.0,1932.0,,,
36972,2022-11-05,United States,,,,,,,,,,673470.0,2028.0,,,
36973,2022-11-06,United States,,,,,,,,,,705492.0,2125.0,,,
36974,2022-11-07,United States,,,,,,,,,,737513.0,2221.0,,,
36975,2022-11-08,United States,,,,,,,,,,769535.0,2318.0,,,
36976,2022-11-09,United States,646524294.0,905043735.0,267032055.0,68.61,194.73,227802408.0,80.43,272.6,,801556.0,2414.0,0.714,,
